nid,day,rid,status,times,Mon,Tue,Wed,Thu,Fri,Sat,Sun,times
1,1,3,0,0,0,1,0,0,0,0,0,0
2,1,3,0,0.0213,0,1,0,0,0,0,0,2.13
3,1,3,0,0.0426,0,1,0,0,0,0,0,4.26
4,1,3,0,0.0638,0,1,0,0,0,0,0,6.38
5,1,3,0,0.0851,0,1,0,0,0,0,0,8.51
6,1,3,0,0.1064,0,1,0,0,0,0,0,10.64
7,1,3,0,0.1277,0,1,0,0,0,0,0,12.77
8,1,3,0,0.1489,0,1,0,0,0,0,0,14.89
9,1,3,0,0.1702,0,1,0,0,0,0,0,17.02
10,1,3,0,0.1915,0,1,0,0,0,0,0,19.15
11,1,3,0,0.2128,0,1,0,0,0,0,0,21.28
12,1,3,0,0.234,0,1,0,0,0,0,0,23.4
13,1,3,0,0.2553,0,1,0,0,0,0,0,25.53
14,1,3,0,0.2766,0,1,0,0,0,0,0,27.66
15,1,3,1,0.2979,0,1,0,0,0,0,0,29.79
16,1,3,2,0.3191,0,1,0,0,0,0,0,31.91
17,1,3,2,0.3404,0,1,0,0,0,0,0,34.04
18,1,3,2,0.3617,0,1,0,0,0,0,0,36.17
19,1,3,1,0.383,0,1,0,0,0,0,0,38.3
20,1,3,1,0.4043,0,1,0,0,0,0,0,40.43
21,1,3,1,0.4255,0,1,0,0,0,0,0,42.55
22,1,3,1,0.4468,0,1,0,0,0,0,0,44.68
23,1,3,1,0.4681,0,1,0,0,0,0,0,46.81
24,1,3,0,0.4894,0,1,0,0,0,0,0,48.94
25,1,3,0,0.5106,0,1,0,0,0,0,0,51.06
26,1,3,0,0.5319,0,1,0,0,0,0,0,53.19
27,1,3,1,0.5532,0,1,0,0,0,0,0,55.32
28,1,3,1,0.5745,0,1,0,0,0,0,0,57.45
29,1,3,1,0.5957,0,1,0,0,0,0,0,59.57
30,1,3,2,0.617,0,1,0,0,0,0,0,61.7
31,1,3,2,0.6383,0,1,0,0,0,0,0,63.83
32,1,3,2,0.6596,0,1,0,0,0,0,0,65.96
33,1,3,2,0.6809,0,1,0,0,0,0,0,68.09
34,1,3,2,0.7021,0,1,0,0,0,0,0,70.21
35,1,3,2,0.7234,0,1,0,0,0,0,0,72.34
36,1,3,2,0.7447,0,1,0,0,0,0,0,74.47
37,1,3,2,0.766,0,1,0,0,0,0,0,76.6
38,1,3,2,0.7872,0,1,0,0,0,0,0,78.72
39,1,3,1,0.8085,0,1,0,0,0,0,0,80.85
40,1,3,1,0.8298,0,1,0,0,0,0,0,82.98
41,1,3,1,0.8511,0,1,0,0,0,0,0,85.11
42,1,3,0,0.8723,0,1,0,0,0,0,0,87.23
43,1,3,0,0.8936,0,1,0,0,0,0,0,89.36
44,1,3,0,0.9149,0,1,0,0,0,0,0,91.49
45,1,3,0,0.9362,0,1,0,0,0,0,0,93.62
46,1,3,0,0.9574,0,1,0,0,0,0,0,95.74
47,1,3,0,0.9787,0,1,0,0,0,0,0,97.87
48,1,3,0,1,0,1,0,0,0,0,0,100
49,2,3,0,0,0,0,1,0,0,0,0,0
50,2,3,0,0.0213,0,0,1,0,0,0,0,2.13
51,2,3,0,0.0426,0,0,1,0,0,0,0,4.26
52,2,3,0,0.0638,0,0,1,0,0,0,0,6.38
53,2,3,0,0.0851,0,0,1,0,0,0,0,8.51
54,2,3,0,0.1064,0,0,1,0,0,0,0,10.64
55,2,3,0,0.1277,0,0,1,0,0,0,0,12.77
56,2,3,0,0.1489,0,0,1,0,0,0,0,14.89
57,2,3,0,0.1702,0,0,1,0,0,0,0,17.02
58,2,3,0,0.1915,0,0,1,0,0,0,0,19.15
59,2,3,0,0.2128,0,0,1,0,0,0,0,21.28
60,2,3,0,0.234,0,0,1,0,0,0,0,23.4
61,2,3,0,0.2553,0,0,1,0,0,0,0,25.53
62,2,3,0,0.2766,0,0,1,0,0,0,0,27.66
63,2,3,1,0.2979,0,0,1,0,0,0,0,29.79
64,2,3,2,0.3191,0,0,1,0,0,0,0,31.91
65,2,3,2,0.3404,0,0,1,0,0,0,0,34.04
66,2,3,2,0.3617,0,0,1,0,0,0,0,36.17
67,2,3,2,0.383,0,0,1,0,0,0,0,38.3
68,2,3,2,0.4043,0,0,1,0,0,0,0,40.43
69,2,3,2,0.4255,0,0,1,0,0,0,0,42.55
70,2,3,1,0.4468,0,0,1,0,0,0,0,44.68
71,2,3,1,0.4681,0,0,1,0,0,0,0,46.81
72,2,3,1,0.4894,0,0,1,0,0,0,0,48.94
73,2,3,0,0.5106,0,0,1,0,0,0,0,51.06
74,2,3,0,0.5319,0,0,1,0,0,0,0,53.19
75,2,3,0,0.5532,0,0,1,0,0,0,0,55.32
76,2,3,1,0.5745,0,0,1,0,0,0,0,57.45
77,2,3,1,0.5957,0,0,1,0,0,0,0,59.57
78,2,3,2,0.617,0,0,1,0,0,0,0,61.7
79,2,3,2,0.6383,0,0,1,0,0,0,0,63.83
80,2,3,1,0.6596,0,0,1,0,0,0,0,65.96
81,2,3,1,0.6809,0,0,1,0,0,0,0,68.09
82,2,3,1,0.7021,0,0,1,0,0,0,0,70.21
83,2,3,1,0.7234,0,0,1,0,0,0,0,72.34
84,2,3,2,0.7447,0,0,1,0,0,0,0,74.47
85,2,3,1,0.766,0,0,1,0,0,0,0,76.6
86,2,3,1,0.7872,0,0,1,0,0,0,0,78.72
87,2,3,1,0.8085,0,0,1,0,0,0,0,80.85
88,2,3,1,0.8298,0,0,1,0,0,0,0,82.98
89,2,3,1,0.8511,0,0,1,0,0,0,0,85.11
90,2,3,0,0.8723,0,0,1,0,0,0,0,87.23
91,2,3,0,0.8936,0,0,1,0,0,0,0,89.36
92,2,3,0,0.9149,0,0,1,0,0,0,0,91.49
93,2,3,0,0.9362,0,0,1,0,0,0,0,93.62
94,2,3,0,0.9574,0,0,1,0,0,0,0,95.74
95,2,3,0,0.9787,0,0,1,0,0,0,0,97.87
96,2,3,0,1,0,0,1,0,0,0,0,100
97,3,3,0,0,0,0,0,1,0,0,0,0
98,3,3,0,0.0213,0,0,0,1,0,0,0,2.13
99,3,3,0,0.0426,0,0,0,1,0,0,0,4.26
100,3,3,0,0.0638,0,0,0,1,0,0,0,6.38
101,3,3,0,0.0851,0,0,0,1,0,0,0,8.51
102,3,3,0,0.1064,0,0,0,1,0,0,0,10.64
103,3,3,0,0.1277,0,0,0,1,0,0,0,12.77
104,3,3,0,0.1489,0,0,0,1,0,0,0,14.89
105,3,3,0,0.1702,0,0,0,1,0,0,0,17.02
106,3,3,0,0.1915,0,0,0,1,0,0,0,19.15
107,3,3,0,0.2128,0,0,0,1,0,0,0,21.28
108,3,3,0,0.234,0,0,0,1,0,0,0,23.4
109,3,3,0,0.2553,0,0,0,1,0,0,0,25.53
110,3,3,0,0.2766,0,0,0,1,0,0,0,27.66
111,3,3,1,0.2979,0,0,0,1,0,0,0,29.79
112,3,3,2,0.3191,0,0,0,1,0,0,0,31.91
113,3,3,2,0.3404,0,0,0,1,0,0,0,34.04
114,3,3,2,0.3617,0,0,0,1,0,0,0,36.17
115,3,3,1,0.383,0,0,0,1,0,0,0,38.3
116,3,3,1,0.4043,0,0,0,1,0,0,0,40.43
117,3,3,1,0.4255,0,0,0,1,0,0,0,42.55
118,3,3,1,0.4468,0,0,0,1,0,0,0,44.68
119,3,3,1,0.4681,0,0,0,1,0,0,0,46.81
120,3,3,0,0.4894,0,0,0,1,0,0,0,48.94
121,3,3,0,0.5106,0,0,0,1,0,0,0,51.06
122,3,3,0,0.5319,0,0,0,1,0,0,0,53.19
123,3,3,0,0.5532,0,0,0,1,0,0,0,55.32
124,3,3,1,0.5745,0,0,0,1,0,0,0,57.45
125,3,3,1,0.5957,0,0,0,1,0,0,0,59.57
126,3,3,1,0.617,0,0,0,1,0,0,0,61.7
127,3,3,1,0.6383,0,0,0,1,0,0,0,63.83
128,3,3,2,0.6596,0,0,0,1,0,0,0,65.96
129,3,3,1,0.6809,0,0,0,1,0,0,0,68.09
130,3,3,1,0.7021,0,0,0,1,0,0,0,70.21
131,3,3,1,0.7234,0,0,0,1,0,0,0,72.34
132,3,3,1,0.7447,0,0,0,1,0,0,0,74.47
133,3,3,2,0.766,0,0,0,1,0,0,0,76.6
134,3,3,1,0.7872,0,0,0,1,0,0,0,78.72
135,3,3,1,0.8085,0,0,0,1,0,0,0,80.85
136,3,3,1,0.8298,0,0,0,1,0,0,0,82.98
137,3,3,0,0.8511,0,0,0,1,0,0,0,85.11
138,3,3,0,0.8723,0,0,0,1,0,0,0,87.23
139,3,3,0,0.8936,0,0,0,1,0,0,0,89.36
140,3,3,0,0.9149,0,0,0,1,0,0,0,91.49
141,3,3,0,0.9362,0,0,0,1,0,0,0,93.62
142,3,3,0,0.9574,0,0,0,1,0,0,0,95.74
143,3,3,0,0.9787,0,0,0,1,0,0,0,97.87
144,3,3,0,1,0,0,0,1,0,0,0,100
145,4,3,0,0,0,0,0,0,1,0,0,0
146,4,3,0,0.0213,0,0,0,0,1,0,0,2.13
147,4,3,0,0.0426,0,0,0,0,1,0,0,4.26
148,4,3,0,0.0638,0,0,0,0,1,0,0,6.38
149,4,3,0,0.0851,0,0,0,0,1,0,0,8.51
150,4,3,0,0.1064,0,0,0,0,1,0,0,10.64
151,4,3,0,0.1277,0,0,0,0,1,0,0,12.77
152,4,3,0,0.1489,0,0,0,0,1,0,0,14.89
153,4,3,0,0.1702,0,0,0,0,1,0,0,17.02
154,4,3,0,0.1915,0,0,0,0,1,0,0,19.15
155,4,3,0,0.2128,0,0,0,0,1,0,0,21.28
156,4,3,0,0.234,0,0,0,0,1,0,0,23.4
157,4,3,0,0.2553,0,0,0,0,1,0,0,25.53
158,4,3,0,0.2766,0,0,0,0,1,0,0,27.66
159,4,3,1,0.2979,0,0,0,0,1,0,0,29.79
160,4,3,2,0.3191,0,0,0,0,1,0,0,31.91
161,4,3,2,0.3404,0,0,0,0,1,0,0,34.04
162,4,3,2,0.3617,0,0,0,0,1,0,0,36.17
163,4,3,2,0.383,0,0,0,0,1,0,0,38.3
164,4,3,1,0.4043,0,0,0,0,1,0,0,40.43
165,4,3,2,0.4255,0,0,0,0,1,0,0,42.55
166,4,3,1,0.4468,0,0,0,0,1,0,0,44.68
167,4,3,0,0.4681,0,0,0,0,1,0,0,46.81
168,4,3,1,0.4894,0,0,0,0,1,0,0,48.94
169,4,3,0,0.5106,0,0,0,0,1,0,0,51.06
170,4,3,0,0.5319,0,0,0,0,1,0,0,53.19
171,4,3,0,0.5532,0,0,0,0,1,0,0,55.32
172,4,3,1,0.5745,0,0,0,0,1,0,0,57.45
173,4,3,1,0.5957,0,0,0,0,1,0,0,59.57
174,4,3,1,0.617,0,0,0,0,1,0,0,61.7
175,4,3,2,0.6383,0,0,0,0,1,0,0,63.83
176,4,3,1,0.6596,0,0,0,0,1,0,0,65.96
177,4,3,1,0.6809,0,0,0,0,1,0,0,68.09
178,4,3,1,0.7021,0,0,0,0,1,0,0,70.21
179,4,3,1,0.7234,0,0,0,0,1,0,0,72.34
180,4,3,1,0.7447,0,0,0,0,1,0,0,74.47
181,4,3,1,0.766,0,0,0,0,1,0,0,76.6
182,4,3,1,0.7872,0,0,0,0,1,0,0,78.72
183,4,3,1,0.8085,0,0,0,0,1,0,0,80.85
184,4,3,1,0.8298,0,0,0,0,1,0,0,82.98
185,4,3,0,0.8511,0,0,0,0,1,0,0,85.11
186,4,3,1,0.8723,0,0,0,0,1,0,0,87.23
187,4,3,1,0.8936,0,0,0,0,1,0,0,89.36
188,4,3,1,0.9149,0,0,0,0,1,0,0,91.49
189,4,3,0,0.9362,0,0,0,0,1,0,0,93.62
190,4,3,0,0.9574,0,0,0,0,1,0,0,95.74
191,4,3,0,0.9787,0,0,0,0,1,0,0,97.87
192,4,3,0,1,0,0,0,0,1,0,0,100
193,5,3,0,0,0,0,0,0,0,1,0,0
194,5,3,0,0.0213,0,0,0,0,0,1,0,2.13
195,5,3,0,0.0426,0,0,0,0,0,1,0,4.26
196,5,3,0,0.0638,0,0,0,0,0,1,0,6.38
197,5,3,0,0.0851,0,0,0,0,0,1,0,8.51
198,5,3,0,0.1064,0,0,0,0,0,1,0,10.64
199,5,3,0,0.1277,0,0,0,0,0,1,0,12.77
200,5,3,0,0.1489,0,0,0,0,0,1,0,14.89
201,5,3,0,0.1702,0,0,0,0,0,1,0,17.02
202,5,3,0,0.1915,0,0,0,0,0,1,0,19.15
203,5,3,0,0.2128,0,0,0,0,0,1,0,21.28
204,5,3,0,0.234,0,0,0,0,0,1,0,23.4
205,5,3,0,0.2553,0,0,0,0,0,1,0,25.53
206,5,3,0,0.2766,0,0,0,0,0,1,0,27.66
207,5,3,0,0.2979,0,0,0,0,0,1,0,29.79
208,5,3,0,0.3191,0,0,0,0,0,1,0,31.91
209,5,3,0,0.3404,0,0,0,0,0,1,0,34.04
210,5,3,0,0.3617,0,0,0,0,0,1,0,36.17
211,5,3,1,0.383,0,0,0,0,0,1,0,38.3
212,5,3,1,0.4043,0,0,0,0,0,1,0,40.43
213,5,3,2,0.4255,0,0,0,0,0,1,0,42.55
214,5,3,2,0.4468,0,0,0,0,0,1,0,44.68
215,5,3,2,0.4681,0,0,0,0,0,1,0,46.81
216,5,3,2,0.4894,0,0,0,0,0,1,0,48.94
217,5,3,2,0.5106,0,0,0,0,0,1,0,51.06
218,5,3,1,0.5319,0,0,0,0,0,1,0,53.19
219,5,3,1,0.5532,0,0,0,0,0,1,0,55.32
220,5,3,1,0.5745,0,0,0,0,0,1,0,57.45
221,5,3,1,0.5957,0,0,0,0,0,1,0,59.57
222,5,3,1,0.617,0,0,0,0,0,1,0,61.7
223,5,3,1,0.6383,0,0,0,0,0,1,0,63.83
224,5,3,1,0.6596,0,0,0,0,0,1,0,65.96
225,5,3,1,0.6809,0,0,0,0,0,1,0,68.09
226,5,3,1,0.7021,0,0,0,0,0,1,0,70.21
227,5,3,1,0.7234,0,0,0,0,0,1,0,72.34
228,5,3,1,0.7447,0,0,0,0,0,1,0,74.47
229,5,3,1,0.766,0,0,0,0,0,1,0,76.6
230,5,3,1,0.7872,0,0,0,0,0,1,0,78.72
231,5,3,1,0.8085,0,0,0,0,0,1,0,80.85
232,5,3,0,0.8298,0,0,0,0,0,1,0,82.98
233,5,3,0,0.8511,0,0,0,0,0,1,0,85.11
234,5,3,0,0.8723,0,0,0,0,0,1,0,87.23
235,5,3,0,0.8936,0,0,0,0,0,1,0,89.36
236,5,3,0,0.9149,0,0,0,0,0,1,0,91.49
237,5,3,0,0.9362,0,0,0,0,0,1,0,93.62
238,5,3,0,0.9574,0,0,0,0,0,1,0,95.74
239,5,3,0,0.9787,0,0,0,0,0,1,0,97.87
240,5,3,0,1,0,0,0,0,0,1,0,100
241,6,3,0,0,0,0,0,0,0,0,1,0
242,6,3,0,0.0213,0,0,0,0,0,0,1,2.13
243,6,3,0,0.0426,0,0,0,0,0,0,1,4.26
244,6,3,0,0.0638,0,0,0,0,0,0,1,6.38
245,6,3,0,0.0851,0,0,0,0,0,0,1,8.51
246,6,3,0,0.1064,0,0,0,0,0,0,1,10.64
247,6,3,0,0.1277,0,0,0,0,0,0,1,12.77
248,6,3,0,0.1489,0,0,0,0,0,0,1,14.89
249,6,3,0,0.1702,0,0,0,0,0,0,1,17.02
250,6,3,0,0.1915,0,0,0,0,0,0,1,19.15
251,6,3,0,0.2128,0,0,0,0,0,0,1,21.28
252,6,3,0,0.234,0,0,0,0,0,0,1,23.4
253,6,3,0,0.2553,0,0,0,0,0,0,1,25.53
254,6,3,0,0.2766,0,0,0,0,0,0,1,27.66
255,6,3,0,0.2979,0,0,0,0,0,0,1,29.79
256,6,3,0,0.3191,0,0,0,0,0,0,1,31.91
257,6,3,0,0.3404,0,0,0,0,0,0,1,34.04
258,6,3,0,0.3617,0,0,0,0,0,0,1,36.17
259,6,3,0,0.383,0,0,0,0,0,0,1,38.3
260,6,3,0,0.4043,0,0,0,0,0,0,1,40.43
261,6,3,1,0.4255,0,0,0,0,0,0,1,42.55
262,6,3,1,0.4468,0,0,0,0,0,0,1,44.68
263,6,3,1,0.4681,0,0,0,0,0,0,1,46.81
264,6,3,1,0.4894,0,0,0,0,0,0,1,48.94
265,6,3,1,0.5106,0,0,0,0,0,0,1,51.06
266,6,3,0,0.5319,0,0,0,0,0,0,1,53.19
267,6,3,0,0.5532,0,0,0,0,0,0,1,55.32
268,6,3,1,0.5745,0,0,0,0,0,0,1,57.45
269,6,3,1,0.5957,0,0,0,0,0,0,1,59.57
270,6,3,1,0.617,0,0,0,0,0,0,1,61.7
271,6,3,1,0.6383,0,0,0,0,0,0,1,63.83
272,6,3,1,0.6596,0,0,0,0,0,0,1,65.96
273,6,3,1,0.6809,0,0,0,0,0,0,1,68.09
274,6,3,1,0.7021,0,0,0,0,0,0,1,70.21
275,6,3,1,0.7234,0,0,0,0,0,0,1,72.34
276,6,3,1,0.7447,0,0,0,0,0,0,1,74.47
277,6,3,1,0.766,0,0,0,0,0,0,1,76.6
278,6,3,1,0.7872,0,0,0,0,0,0,1,78.72
279,6,3,1,0.8085,0,0,0,0,0,0,1,80.85
280,6,3,1,0.8298,0,0,0,0,0,0,1,82.98
281,6,3,0,0.8511,0,0,0,0,0,0,1,85.11
282,6,3,0,0.8723,0,0,0,0,0,0,1,87.23
283,6,3,0,0.8936,0,0,0,0,0,0,1,89.36
284,6,3,0,0.9149,0,0,0,0,0,0,1,91.49
285,6,3,0,0.9362,0,0,0,0,0,0,1,93.62
286,6,3,0,0.9574,0,0,0,0,0,0,1,95.74
287,6,3,0,0.9787,0,0,0,0,0,0,1,97.87
288,6,3,0,1,0,0,0,0,0,0,1,100
289,7,3,0,0,1,0,0,0,0,0,0,0
290,7,3,0,0.0213,1,0,0,0,0,0,0,2.13
291,7,3,0,0.0426,1,0,0,0,0,0,0,4.26
292,7,3,0,0.0638,1,0,0,0,0,0,0,6.38
293,7,3,0,0.0851,1,0,0,0,0,0,0,8.51
294,7,3,0,0.1064,1,0,0,0,0,0,0,10.64
295,7,3,0,0.1277,1,0,0,0,0,0,0,12.77
296,7,3,0,0.1489,1,0,0,0,0,0,0,14.89
297,7,3,0,0.1702,1,0,0,0,0,0,0,17.02
298,7,3,0,0.1915,1,0,0,0,0,0,0,19.15
299,7,3,0,0.2128,1,0,0,0,0,0,0,21.28
300,7,3,0,0.234,1,0,0,0,0,0,0,23.4
301,7,3,0,0.2553,1,0,0,0,0,0,0,25.53
302,7,3,0,0.2766,1,0,0,0,0,0,0,27.66
303,7,3,1,0.2979,1,0,0,0,0,0,0,29.79
304,7,3,2,0.3191,1,0,0,0,0,0,0,31.91
305,7,3,2,0.3404,1,0,0,0,0,0,0,34.04
306,7,3,2,0.3617,1,0,0,0,0,0,0,36.17
307,7,3,2,0.383,1,0,0,0,0,0,0,38.3
308,7,3,2,0.4043,1,0,0,0,0,0,0,40.43
309,7,3,0,0.4255,1,0,0,0,0,0,0,42.55
310,7,3,1,0.4468,1,0,0,0,0,0,0,44.68
311,7,3,1,0.4681,1,0,0,0,0,0,0,46.81
312,7,3,0,0.4894,1,0,0,0,0,0,0,48.94
313,7,3,0,0.5106,1,0,0,0,0,0,0,51.06
314,7,3,0,0.5319,1,0,0,0,0,0,0,53.19
315,7,3,0,0.5532,1,0,0,0,0,0,0,55.32
316,7,3,1,0.5745,1,0,0,0,0,0,0,57.45
317,7,3,1,0.5957,1,0,0,0,0,0,0,59.57
318,7,3,1,0.617,1,0,0,0,0,0,0,61.7
319,7,3,1,0.6383,1,0,0,0,0,0,0,63.83
320,7,3,1,0.6596,1,0,0,0,0,0,0,65.96
321,7,3,1,0.6809,1,0,0,0,0,0,0,68.09
322,7,3,1,0.7021,1,0,0,0,0,0,0,70.21
323,7,3,1,0.7234,1,0,0,0,0,0,0,72.34
324,7,3,2,0.7447,1,0,0,0,0,0,0,74.47
325,7,3,2,0.766,1,0,0,0,0,0,0,76.6
326,7,3,2,0.7872,1,0,0,0,0,0,0,78.72
327,7,3,1,0.8085,1,0,0,0,0,0,0,80.85
328,7,3,1,0.8298,1,0,0,0,0,0,0,82.98
329,7,3,1,0.8511,1,0,0,0,0,0,0,85.11
330,7,3,0,0.8723,1,0,0,0,0,0,0,87.23
331,7,3,0,0.8936,1,0,0,0,0,0,0,89.36
332,7,3,0,0.9149,1,0,0,0,0,0,0,91.49
333,7,3,0,0.9362,1,0,0,0,0,0,0,93.62
334,7,3,0,0.9574,1,0,0,0,0,0,0,95.74
335,7,3,0,0.9787,1,0,0,0,0,0,0,97.87
336,7,3,0,1,1,0,0,0,0,0,0,100
337,8,3,0,0,0,1,0,0,0,0,0,0
338,8,3,0,0.0213,0,1,0,0,0,0,0,2.13
339,8,3,0,0.0426,0,1,0,0,0,0,0,4.26
340,8,3,0,0.0638,0,1,0,0,0,0,0,6.38
341,8,3,0,0.0851,0,1,0,0,0,0,0,8.51
342,8,3,0,0.1064,0,1,0,0,0,0,0,10.64
343,8,3,0,0.1277,0,1,0,0,0,0,0,12.77
344,8,3,0,0.1489,0,1,0,0,0,0,0,14.89
345,8,3,0,0.1702,0,1,0,0,0,0,0,17.02
346,8,3,0,0.1915,0,1,0,0,0,0,0,19.15
347,8,3,0,0.2128,0,1,0,0,0,0,0,21.28
348,8,3,0,0.234,0,1,0,0,0,0,0,23.4
349,8,3,0,0.2553,0,1,0,0,0,0,0,25.53
350,8,3,0,0.2766,0,1,0,0,0,0,0,27.66
351,8,3,1,0.2979,0,1,0,0,0,0,0,29.79
352,8,3,2,0.3191,0,1,0,0,0,0,0,31.91
353,8,3,2,0.3404,0,1,0,0,0,0,0,34.04
354,8,3,2,0.3617,0,1,0,0,0,0,0,36.17
355,8,3,2,0.383,0,1,0,0,0,0,0,38.3
356,8,3,2,0.4043,0,1,0,0,0,0,0,40.43
357,8,3,1,0.4255,0,1,0,0,0,0,0,42.55
358,8,3,1,0.4468,0,1,0,0,0,0,0,44.68
359,8,3,1,0.4681,0,1,0,0,0,0,0,46.81
360,8,3,1,0.4894,0,1,0,0,0,0,0,48.94
361,8,3,1,0.5106,0,1,0,0,0,0,0,51.06
362,8,3,1,0.5319,0,1,0,0,0,0,0,53.19
363,8,3,1,0.5532,0,1,0,0,0,0,0,55.32
364,8,3,1,0.5745,0,1,0,0,0,0,0,57.45
365,8,3,2,0.5957,0,1,0,0,0,0,0,59.57
366,8,3,2,0.617,0,1,0,0,0,0,0,61.7
367,8,3,2,0.6383,0,1,0,0,0,0,0,63.83
368,8,3,2,0.6596,0,1,0,0,0,0,0,65.96
369,8,3,2,0.6809,0,1,0,0,0,0,0,68.09
370,8,3,2,0.7021,0,1,0,0,0,0,0,70.21
371,8,3,2,0.7234,0,1,0,0,0,0,0,72.34
372,8,3,2,0.7447,0,1,0,0,0,0,0,74.47
373,8,3,2,0.766,0,1,0,0,0,0,0,76.6
374,8,3,2,0.7872,0,1,0,0,0,0,0,78.72
375,8,3,1,0.8085,0,1,0,0,0,0,0,80.85
376,8,3,1,0.8298,0,1,0,0,0,0,0,82.98
377,8,3,0,0.8511,0,1,0,0,0,0,0,85.11
378,8,3,0,0.8723,0,1,0,0,0,0,0,87.23
379,8,3,0,0.8936,0,1,0,0,0,0,0,89.36
380,8,3,0,0.9149,0,1,0,0,0,0,0,91.49
381,8,3,0,0.9362,0,1,0,0,0,0,0,93.62
382,8,3,0,0.9574,0,1,0,0,0,0,0,95.74
383,8,3,0,0.9787,0,1,0,0,0,0,0,97.87
384,8,3,0,1,0,1,0,0,0,0,0,100
385,9,3,0,0,0,0,1,0,0,0,0,0
386,9,3,0,0.0213,0,0,1,0,0,0,0,2.13
387,9,3,0,0.0426,0,0,1,0,0,0,0,4.26
388,9,3,0,0.0638,0,0,1,0,0,0,0,6.38
389,9,3,0,0.0851,0,0,1,0,0,0,0,8.51
390,9,3,0,0.1064,0,0,1,0,0,0,0,10.64
391,9,3,0,0.1277,0,0,1,0,0,0,0,12.77
392,9,3,0,0.1489,0,0,1,0,0,0,0,14.89
393,9,3,0,0.1702,0,0,1,0,0,0,0,17.02
394,9,3,0,0.1915,0,0,1,0,0,0,0,19.15
395,9,3,0,0.2128,0,0,1,0,0,0,0,21.28
396,9,3,0,0.234,0,0,1,0,0,0,0,23.4
397,9,3,0,0.2553,0,0,1,0,0,0,0,25.53
398,9,3,0,0.2766,0,0,1,0,0,0,0,27.66
399,9,3,1,0.2979,0,0,1,0,0,0,0,29.79
400,9,3,2,0.3191,0,0,1,0,0,0,0,31.91
401,9,3,2,0.3404,0,0,1,0,0,0,0,34.04
402,9,3,2,0.3617,0,0,1,0,0,0,0,36.17
403,9,3,2,0.383,0,0,1,0,0,0,0,38.3
404,9,3,1,0.4043,0,0,1,0,0,0,0,40.43
405,9,3,1,0.4255,0,0,1,0,0,0,0,42.55
406,9,3,1,0.4468,0,0,1,0,0,0,0,44.68
407,9,3,0,0.4681,0,0,1,0,0,0,0,46.81
408,9,3,0,0.4894,0,0,1,0,0,0,0,48.94
409,9,3,0,0.5106,0,0,1,0,0,0,0,51.06
410,9,3,0,0.5319,0,0,1,0,0,0,0,53.19
411,9,3,1,0.5532,0,0,1,0,0,0,0,55.32
412,9,3,1,0.5745,0,0,1,0,0,0,0,57.45
413,9,3,1,0.5957,0,0,1,0,0,0,0,59.57
414,9,3,1,0.617,0,0,1,0,0,0,0,61.7
415,9,3,1,0.6383,0,0,1,0,0,0,0,63.83
416,9,3,1,0.6596,0,0,1,0,0,0,0,65.96
417,9,3,1,0.6809,0,0,1,0,0,0,0,68.09
418,9,3,1,0.7021,0,0,1,0,0,0,0,70.21
419,9,3,1,0.7234,0,0,1,0,0,0,0,72.34
420,9,3,2,0.7447,0,0,1,0,0,0,0,74.47
421,9,3,2,0.766,0,0,1,0,0,0,0,76.6
422,9,3,1,0.7872,0,0,1,0,0,0,0,78.72
423,9,3,1,0.8085,0,0,1,0,0,0,0,80.85
424,9,3,1,0.8298,0,0,1,0,0,0,0,82.98
425,9,3,0,0.8511,0,0,1,0,0,0,0,85.11
426,9,3,0,0.8723,0,0,1,0,0,0,0,87.23
427,9,3,0,0.8936,0,0,1,0,0,0,0,89.36
428,9,3,0,0.9149,0,0,1,0,0,0,0,91.49
429,9,3,0,0.9362,0,0,1,0,0,0,0,93.62
430,9,3,0,0.9574,0,0,1,0,0,0,0,95.74
431,9,3,0,0.9787,0,0,1,0,0,0,0,97.87
432,9,3,0,1,0,0,1,0,0,0,0,100
433,10,3,0,0,0,0,0,1,0,0,0,0
434,10,3,0,0.0213,0,0,0,1,0,0,0,2.13
435,10,3,0,0.0426,0,0,0,1,0,0,0,4.26
436,10,3,0,0.0638,0,0,0,1,0,0,0,6.38
437,10,3,0,0.0851,0,0,0,1,0,0,0,8.51
438,10,3,0,0.1064,0,0,0,1,0,0,0,10.64
439,10,3,0,0.1277,0,0,0,1,0,0,0,12.77
440,10,3,0,0.1489,0,0,0,1,0,0,0,14.89
441,10,3,0,0.1702,0,0,0,1,0,0,0,17.02
442,10,3,0,0.1915,0,0,0,1,0,0,0,19.15
443,10,3,0,0.2128,0,0,0,1,0,0,0,21.28
444,10,3,0,0.234,0,0,0,1,0,0,0,23.4
445,10,3,0,0.2553,0,0,0,1,0,0,0,25.53
446,10,3,0,0.2766,0,0,0,1,0,0,0,27.66
447,10,3,1,0.2979,0,0,0,1,0,0,0,29.79
448,10,3,2,0.3191,0,0,0,1,0,0,0,31.91
449,10,3,2,0.3404,0,0,0,1,0,0,0,34.04
450,10,3,2,0.3617,0,0,0,1,0,0,0,36.17
451,10,3,2,0.383,0,0,0,1,0,0,0,38.3
452,10,3,1,0.4043,0,0,0,1,0,0,0,40.43
453,10,3,1,0.4255,0,0,0,1,0,0,0,42.55
454,10,3,1,0.4468,0,0,0,1,0,0,0,44.68
455,10,3,1,0.4681,0,0,0,1,0,0,0,46.81
456,10,3,0,0.4894,0,0,0,1,0,0,0,48.94
457,10,3,0,0.5106,0,0,0,1,0,0,0,51.06
458,10,3,0,0.5319,0,0,0,1,0,0,0,53.19
459,10,3,0,0.5532,0,0,0,1,0,0,0,55.32
460,10,3,1,0.5745,0,0,0,1,0,0,0,57.45
461,10,3,1,0.5957,0,0,0,1,0,0,0,59.57
462,10,3,2,0.617,0,0,0,1,0,0,0,61.7
463,10,3,2,0.6383,0,0,0,1,0,0,0,63.83
464,10,3,1,0.6596,0,0,0,1,0,0,0,65.96
465,10,3,1,0.6809,0,0,0,1,0,0,0,68.09
466,10,3,1,0.7021,0,0,0,1,0,0,0,70.21
467,10,3,1,0.7234,0,0,0,1,0,0,0,72.34
468,10,3,2,0.7447,0,0,0,1,0,0,0,74.47
469,10,3,2,0.766,0,0,0,1,0,0,0,76.6
470,10,3,1,0.7872,0,0,0,1,0,0,0,78.72
471,10,3,1,0.8085,0,0,0,1,0,0,0,80.85
472,10,3,1,0.8298,0,0,0,1,0,0,0,82.98
473,10,3,1,0.8511,0,0,0,1,0,0,0,85.11
474,10,3,1,0.8723,0,0,0,1,0,0,0,87.23
475,10,3,0,0.8936,0,0,0,1,0,0,0,89.36
476,10,3,0,0.9149,0,0,0,1,0,0,0,91.49
477,10,3,0,0.9362,0,0,0,1,0,0,0,93.62
478,10,3,0,0.9574,0,0,0,1,0,0,0,95.74
479,10,3,0,0.9787,0,0,0,1,0,0,0,97.87
480,10,3,0,1,0,0,0,1,0,0,0,100
481,11,3,0,0,0,0,0,0,1,0,0,0
482,11,3,0,0.0213,0,0,0,0,1,0,0,2.13
483,11,3,0,0.0426,0,0,0,0,1,0,0,4.26
484,11,3,0,0.0638,0,0,0,0,1,0,0,6.38
485,11,3,0,0.0851,0,0,0,0,1,0,0,8.51
486,11,3,0,0.1064,0,0,0,0,1,0,0,10.64
487,11,3,0,0.1277,0,0,0,0,1,0,0,12.77
488,11,3,0,0.1489,0,0,0,0,1,0,0,14.89
489,11,3,0,0.1702,0,0,0,0,1,0,0,17.02
490,11,3,0,0.1915,0,0,0,0,1,0,0,19.15
491,11,3,0,0.2128,0,0,0,0,1,0,0,21.28
492,11,3,0,0.234,0,0,0,0,1,0,0,23.4
493,11,3,0,0.2553,0,0,0,0,1,0,0,25.53
494,11,3,0,0.2766,0,0,0,0,1,0,0,27.66
495,11,3,2,0.2979,0,0,0,0,1,0,0,29.79
496,11,3,2,0.3191,0,0,0,0,1,0,0,31.91
497,11,3,2,0.3404,0,0,0,0,1,0,0,34.04
498,11,3,3,0.3617,0,0,0,0,1,0,0,36.17
499,11,3,3,0.383,0,0,0,0,1,0,0,38.3
500,11,3,3,0.4043,0,0,0,0,1,0,0,40.43
501,11,3,3,0.4255,0,0,0,0,1,0,0,42.55
502,11,3,2,0.4468,0,0,0,0,1,0,0,44.68
503,11,3,1,0.4681,0,0,0,0,1,0,0,46.81
504,11,3,1,0.4894,0,0,0,0,1,0,0,48.94
505,11,3,1,0.5106,0,0,0,0,1,0,0,51.06
506,11,3,1,0.5319,0,0,0,0,1,0,0,53.19
507,11,3,1,0.5532,0,0,0,0,1,0,0,55.32
508,11,3,1,0.5745,0,0,0,0,1,0,0,57.45
509,11,3,1,0.5957,0,0,0,0,1,0,0,59.57
510,11,3,1,0.617,0,0,0,0,1,0,0,61.7
511,11,3,2,0.6383,0,0,0,0,1,0,0,63.83
512,11,3,2,0.6596,0,0,0,0,1,0,0,65.96
513,11,3,2,0.6809,0,0,0,0,1,0,0,68.09
514,11,3,2,0.7021,0,0,0,0,1,0,0,70.21
515,11,3,2,0.7234,0,0,0,0,1,0,0,72.34
516,11,3,2,0.7447,0,0,0,0,1,0,0,74.47
517,11,3,2,0.766,0,0,0,0,1,0,0,76.6
518,11,3,2,0.7872,0,0,0,0,1,0,0,78.72
519,11,3,1,0.8085,0,0,0,0,1,0,0,80.85
520,11,3,1,0.8298,0,0,0,0,1,0,0,82.98
521,11,3,1,0.8511,0,0,0,0,1,0,0,85.11
522,11,3,1,0.8723,0,0,0,0,1,0,0,87.23
523,11,3,1,0.8936,0,0,0,0,1,0,0,89.36
524,11,3,1,0.9149,0,0,0,0,1,0,0,91.49
525,11,3,0,0.9362,0,0,0,0,1,0,0,93.62
526,11,3,0,0.9574,0,0,0,0,1,0,0,95.74
527,11,3,0,0.9787,0,0,0,0,1,0,0,97.87
528,11,3,0,1,0,0,0,0,1,0,0,100
529,12,3,0,0,0,0,0,0,0,1,0,0
530,12,3,0,0.0213,0,0,0,0,0,1,0,2.13
531,12,3,0,0.0426,0,0,0,0,0,1,0,4.26
532,12,3,0,0.0638,0,0,0,0,0,1,0,6.38
533,12,3,0,0.0851,0,0,0,0,0,1,0,8.51
534,12,3,0,0.1064,0,0,0,0,0,1,0,10.64
535,12,3,0,0.1277,0,0,0,0,0,1,0,12.77
536,12,3,0,0.1489,0,0,0,0,0,1,0,14.89
537,12,3,0,0.1702,0,0,0,0,0,1,0,17.02
538,12,3,0,0.1915,0,0,0,0,0,1,0,19.15
539,12,3,0,0.2128,0,0,0,0,0,1,0,21.28
540,12,3,0,0.234,0,0,0,0,0,1,0,23.4
541,12,3,0,0.2553,0,0,0,0,0,1,0,25.53
542,12,3,0,0.2766,0,0,0,0,0,1,0,27.66
543,12,3,0,0.2979,0,0,0,0,0,1,0,29.79
544,12,3,0,0.3191,0,0,0,0,0,1,0,31.91
545,12,3,0,0.3404,0,0,0,0,0,1,0,34.04
546,12,3,0,0.3617,0,0,0,0,0,1,0,36.17
547,12,3,1,0.383,0,0,0,0,0,1,0,38.3
548,12,3,1,0.4043,0,0,0,0,0,1,0,40.43
549,12,3,1,0.4255,0,0,0,0,0,1,0,42.55
550,12,3,2,0.4468,0,0,0,0,0,1,0,44.68
551,12,3,2,0.4681,0,0,0,0,0,1,0,46.81
552,12,3,2,0.4894,0,0,0,0,0,1,0,48.94
553,12,3,2,0.5106,0,0,0,0,0,1,0,51.06
554,12,3,1,0.5319,0,0,0,0,0,1,0,53.19
555,12,3,1,0.5532,0,0,0,0,0,1,0,55.32
556,12,3,1,0.5745,0,0,0,0,0,1,0,57.45
557,12,3,1,0.5957,0,0,0,0,0,1,0,59.57
558,12,3,2,0.617,0,0,0,0,0,1,0,61.7
559,12,3,1,0.6383,0,0,0,0,0,1,0,63.83
560,12,3,1,0.6596,0,0,0,0,0,1,0,65.96
561,12,3,1,0.6809,0,0,0,0,0,1,0,68.09
562,12,3,1,0.7021,0,0,0,0,0,1,0,70.21
563,12,3,1,0.7234,0,0,0,0,0,1,0,72.34
564,12,3,1,0.7447,0,0,0,0,0,1,0,74.47
565,12,3,1,0.766,0,0,0,0,0,1,0,76.6
566,12,3,1,0.7872,0,0,0,0,0,1,0,78.72
567,12,3,0,0.8085,0,0,0,0,0,1,0,80.85
568,12,3,0,0.8298,0,0,0,0,0,1,0,82.98
569,12,3,0,0.8511,0,0,0,0,0,1,0,85.11
570,12,3,1,0.8723,0,0,0,0,0,1,0,87.23
571,12,3,1,0.8936,0,0,0,0,0,1,0,89.36
572,12,3,1,0.9149,0,0,0,0,0,1,0,91.49
573,12,3,0,0.9362,0,0,0,0,0,1,0,93.62
574,12,3,0,0.9574,0,0,0,0,0,1,0,95.74
575,12,3,0,0.9787,0,0,0,0,0,1,0,97.87
576,13,3,0,0,0,0,0,0,0,0,1,0
577,13,3,0,0.0213,0,0,0,0,0,0,1,2.13
578,13,3,0,0.0426,0,0,0,0,0,0,1,4.26
579,13,3,0,0.0638,0,0,0,0,0,0,1,6.38
580,13,3,0,0.0851,0,0,0,0,0,0,1,8.51
581,13,3,0,0.1064,0,0,0,0,0,0,1,10.64
582,13,3,0,0.1277,0,0,0,0,0,0,1,12.77
583,13,3,0,0.1489,0,0,0,0,0,0,1,14.89
584,13,3,0,0.1702,0,0,0,0,0,0,1,17.02
585,13,3,0,0.1915,0,0,0,0,0,0,1,19.15
586,13,3,0,0.2128,0,0,0,0,0,0,1,21.28
587,13,3,0,0.234,0,0,0,0,0,0,1,23.4
588,13,3,0,0.2553,0,0,0,0,0,0,1,25.53
589,13,3,0,0.2766,0,0,0,0,0,0,1,27.66
590,13,3,0,0.2979,0,0,0,0,0,0,1,29.79
591,13,3,0,0.3191,0,0,0,0,0,0,1,31.91
592,13,3,0,0.3404,0,0,0,0,0,0,1,34.04
593,13,3,0,0.3617,0,0,0,0,0,0,1,36.17
594,13,3,0,0.383,0,0,0,0,0,0,1,38.3
595,13,3,1,0.4043,0,0,0,0,0,0,1,40.43
596,13,3,1,0.4255,0,0,0,0,0,0,1,42.55
597,13,3,1,0.4468,0,0,0,0,0,0,1,44.68
598,13,3,1,0.4681,0,0,0,0,0,0,1,46.81
599,13,3,1,0.4894,0,0,0,0,0,0,1,48.94
600,13,3,1,0.5106,0,0,0,0,0,0,1,51.06
601,13,3,1,0.5319,0,0,0,0,0,0,1,53.19
602,13,3,0,0.5532,0,0,0,0,0,0,1,55.32
603,13,3,1,0.5745,0,0,0,0,0,0,1,57.45
604,13,3,1,0.5957,0,0,0,0,0,0,1,59.57
605,13,3,1,0.617,0,0,0,0,0,0,1,61.7
606,13,3,1,0.6383,0,0,0,0,0,0,1,63.83
607,13,3,1,0.6596,0,0,0,0,0,0,1,65.96
608,13,3,1,0.6809,0,0,0,0,0,0,1,68.09
609,13,3,1,0.7021,0,0,0,0,0,0,1,70.21
610,13,3,1,0.7234,0,0,0,0,0,0,1,72.34
611,13,3,1,0.7447,0,0,0,0,0,0,1,74.47
612,13,3,1,0.766,0,0,0,0,0,0,1,76.6
613,13,3,1,0.7872,0,0,0,0,0,0,1,78.72
614,13,3,1,0.8085,0,0,0,0,0,0,1,80.85
615,13,3,1,0.8298,0,0,0,0,0,0,1,82.98
616,13,3,1,0.8511,0,0,0,0,0,0,1,85.11
617,13,3,1,0.8723,0,0,0,0,0,0,1,87.23
618,13,3,1,0.8936,0,0,0,0,0,0,1,89.36
619,13,3,0,0.9149,0,0,0,0,0,0,1,91.49
620,13,3,0,0.9362,0,0,0,0,0,0,1,93.62
621,13,3,0,0.9574,0,0,0,0,0,0,1,95.74
622,13,3,0,0.9787,0,0,0,0,0,0,1,97.87
623,13,3,0,1,0,0,0,0,0,0,1,100
624,14,3,0,0,1,0,0,0,0,0,0,0
625,14,3,0,0.0213,1,0,0,0,0,0,0,2.13
626,14,3,0,0.0426,1,0,0,0,0,0,0,4.26
627,14,3,0,0.0638,1,0,0,0,0,0,0,6.38
628,14,3,0,0.0851,1,0,0,0,0,0,0,8.51
629,14,3,1,0.1064,1,0,0,0,0,0,0,10.64
630,14,3,0,0.1277,1,0,0,0,0,0,0,12.77
631,14,3,0,0.1489,1,0,0,0,0,0,0,14.89
632,14,3,0,0.1702,1,0,0,0,0,0,0,17.02
633,14,3,0,0.1915,1,0,0,0,0,0,0,19.15
634,14,3,0,0.2128,1,0,0,0,0,0,0,21.28
635,14,3,0,0.234,1,0,0,0,0,0,0,23.4
636,14,3,0,0.2553,1,0,0,0,0,0,0,25.53
637,14,3,0,0.2766,1,0,0,0,0,0,0,27.66
638,14,3,1,0.2979,1,0,0,0,0,0,0,29.79
639,14,3,2,0.3191,1,0,0,0,0,0,0,31.91
640,14,3,3,0.3404,1,0,0,0,0,0,0,34.04
641,14,3,2,0.3617,1,0,0,0,0,0,0,36.17
642,14,3,2,0.383,1,0,0,0,0,0,0,38.3
643,14,3,2,0.4043,1,0,0,0,0,0,0,40.43
644,14,3,1,0.4255,1,0,0,0,0,0,0,42.55
645,14,3,1,0.4468,1,0,0,0,0,0,0,44.68
646,14,3,0,0.4681,1,0,0,0,0,0,0,46.81
647,14,3,0,0.4894,1,0,0,0,0,0,0,48.94
648,14,3,0,0.5106,1,0,0,0,0,0,0,51.06
649,14,3,0,0.5319,1,0,0,0,0,0,0,53.19
650,14,3,0,0.5532,1,0,0,0,0,0,0,55.32
651,14,3,1,0.5745,1,0,0,0,0,0,0,57.45
652,14,3,1,0.5957,1,0,0,0,0,0,0,59.57
653,14,3,1,0.617,1,0,0,0,0,0,0,61.7
654,14,3,1,0.6383,1,0,0,0,0,0,0,63.83
655,14,3,0,0.6596,1,0,0,0,0,0,0,65.96
656,14,3,1,0.6809,1,0,0,0,0,0,0,68.09
657,14,3,1,0.7021,1,0,0,0,0,0,0,70.21
658,14,3,1,0.7234,1,0,0,0,0,0,0,72.34
659,14,3,1,0.7447,1,0,0,0,0,0,0,74.47
660,14,3,1,0.766,1,0,0,0,0,0,0,76.6
661,14,3,1,0.7872,1,0,0,0,0,0,0,78.72
662,14,3,1,0.8085,1,0,0,0,0,0,0,80.85
663,14,3,1,0.8298,1,0,0,0,0,0,0,82.98
664,14,3,1,0.8511,1,0,0,0,0,0,0,85.11
665,14,3,0,0.8723,1,0,0,0,0,0,0,87.23
666,14,3,0,0.8936,1,0,0,0,0,0,0,89.36
667,14,3,0,0.9149,1,0,0,0,0,0,0,91.49
668,14,3,0,0.9362,1,0,0,0,0,0,0,93.62
669,14,3,0,0.9574,1,0,0,0,0,0,0,95.74
670,14,3,0,0.9787,1,0,0,0,0,0,0,97.87
671,14,3,0,1,1,0,0,0,0,0,0,100
672,15,3,0,0,0,1,0,0,0,0,0,0
673,15,3,0,0.0213,0,1,0,0,0,0,0,2.13
674,15,3,0,0.0426,0,1,0,0,0,0,0,4.26
675,15,3,0,0.0638,0,1,0,0,0,0,0,6.38
676,15,3,0,0.0851,0,1,0,0,0,0,0,8.51
677,15,3,0,0.1064,0,1,0,0,0,0,0,10.64
678,15,3,0,0.1277,0,1,0,0,0,0,0,12.77
679,15,3,1,0.1489,0,1,0,0,0,0,0,14.89
680,15,3,1,0.1702,0,1,0,0,0,0,0,17.02
681,15,3,1,0.1915,0,1,0,0,0,0,0,19.15
682,15,3,0,0.2128,0,1,0,0,0,0,0,21.28
683,15,3,0,0.234,0,1,0,0,0,0,0,23.4
684,15,3,0,0.2553,0,1,0,0,0,0,0,25.53
685,15,3,0,0.2766,0,1,0,0,0,0,0,27.66
686,15,3,1,0.2979,0,1,0,0,0,0,0,29.79
687,15,3,2,0.3191,0,1,0,0,0,0,0,31.91
688,15,3,2,0.3404,0,1,0,0,0,0,0,34.04
689,15,3,3,0.3617,0,1,0,0,0,0,0,36.17
690,15,3,2,0.383,0,1,0,0,0,0,0,38.3
691,15,3,2,0.4043,0,1,0,0,0,0,0,40.43
692,15,3,1,0.4255,0,1,0,0,0,0,0,42.55
693,15,3,1,0.4468,0,1,0,0,0,0,0,44.68
694,15,3,1,0.4681,0,1,0,0,0,0,0,46.81
695,15,3,1,0.4894,0,1,0,0,0,0,0,48.94
696,15,3,1,0.5106,0,1,0,0,0,0,0,51.06
697,15,3,0,0.5319,0,1,0,0,0,0,0,53.19
698,15,3,0,0.5532,0,1,0,0,0,0,0,55.32
699,15,3,1,0.5745,0,1,0,0,0,0,0,57.45
700,15,3,1,0.5957,0,1,0,0,0,0,0,59.57
701,15,3,2,0.617,0,1,0,0,0,0,0,61.7
702,15,3,2,0.6383,0,1,0,0,0,0,0,63.83
703,15,3,1,0.6596,0,1,0,0,0,0,0,65.96
704,15,3,2,0.6809,0,1,0,0,0,0,0,68.09
705,15,3,2,0.7021,0,1,0,0,0,0,0,70.21
706,15,3,2,0.7234,0,1,0,0,0,0,0,72.34
707,15,3,2,0.7447,0,1,0,0,0,0,0,74.47
708,15,3,2,0.766,0,1,0,0,0,0,0,76.6
709,15,3,1,0.7872,0,1,0,0,0,0,0,78.72
710,15,3,1,0.8085,0,1,0,0,0,0,0,80.85
711,15,3,1,0.8298,0,1,0,0,0,0,0,82.98
712,15,3,1,0.8511,0,1,0,0,0,0,0,85.11
713,15,3,0,0.8723,0,1,0,0,0,0,0,87.23
714,15,3,0,0.8936,0,1,0,0,0,0,0,89.36
715,15,3,0,0.9149,0,1,0,0,0,0,0,91.49
716,15,3,0,0.9362,0,1,0,0,0,0,0,93.62
717,15,3,0,0.9574,0,1,0,0,0,0,0,95.74
718,15,3,0,0.9787,0,1,0,0,0,0,0,97.87
719,15,3,0,1,0,1,0,0,0,0,0,100
720,16,3,0,0,0,0,1,0,0,0,0,0
721,16,3,0,0.0213,0,0,1,0,0,0,0,2.13
722,16,3,0,0.0426,0,0,1,0,0,0,0,4.26
723,16,3,0,0.0638,0,0,1,0,0,0,0,6.38
724,16,3,0,0.0851,0,0,1,0,0,0,0,8.51
725,16,3,0,0.1064,0,0,1,0,0,0,0,10.64
726,16,3,0,0.1277,0,0,1,0,0,0,0,12.77
727,16,3,0,0.1489,0,0,1,0,0,0,0,14.89
728,16,3,0,0.1702,0,0,1,0,0,0,0,17.02
729,16,3,0,0.1915,0,0,1,0,0,0,0,19.15
730,16,3,0,0.2128,0,0,1,0,0,0,0,21.28
731,16,3,0,0.234,0,0,1,0,0,0,0,23.4
732,16,3,0,0.2553,0,0,1,0,0,0,0,25.53
733,16,3,0,0.2766,0,0,1,0,0,0,0,27.66
734,16,3,1,0.2979,0,0,1,0,0,0,0,29.79
735,16,3,2,0.3191,0,0,1,0,0,0,0,31.91
736,16,3,2,0.3404,0,0,1,0,0,0,0,34.04
737,16,3,2,0.3617,0,0,1,0,0,0,0,36.17
738,16,3,2,0.383,0,0,1,0,0,0,0,38.3
739,16,3,2,0.4043,0,0,1,0,0,0,0,40.43
740,16,3,1,0.4255,0,0,1,0,0,0,0,42.55
741,16,3,1,0.4468,0,0,1,0,0,0,0,44.68
742,16,3,1,0.4681,0,0,1,0,0,0,0,46.81
743,16,3,0,0.4894,0,0,1,0,0,0,0,48.94
744,16,3,0,0.5106,0,0,1,0,0,0,0,51.06
745,16,3,0,0.5319,0,0,1,0,0,0,0,53.19
746,16,3,0,0.5532,0,0,1,0,0,0,0,55.32
747,16,3,1,0.5745,0,0,1,0,0,0,0,57.45
748,16,3,1,0.5957,0,0,1,0,0,0,0,59.57
749,16,3,1,0.617,0,0,1,0,0,0,0,61.7
750,16,3,1,0.6383,0,0,1,0,0,0,0,63.83
751,16,3,1,0.6596,0,0,1,0,0,0,0,65.96
752,16,3,1,0.6809,0,0,1,0,0,0,0,68.09
753,16,3,1,0.7021,0,0,1,0,0,0,0,70.21
754,16,3,1,0.7234,0,0,1,0,0,0,0,72.34
755,16,3,2,0.7447,0,0,1,0,0,0,0,74.47
756,16,3,2,0.766,0,0,1,0,0,0,0,76.6
757,16,3,2,0.7872,0,0,1,0,0,0,0,78.72
758,16,3,1,0.8085,0,0,1,0,0,0,0,80.85
759,16,3,1,0.8298,0,0,1,0,0,0,0,82.98
760,16,3,0,0.8511,0,0,1,0,0,0,0,85.11
761,16,3,0,0.8723,0,0,1,0,0,0,0,87.23
762,16,3,0,0.8936,0,0,1,0,0,0,0,89.36
763,16,3,0,0.9149,0,0,1,0,0,0,0,91.49
764,16,3,0,0.9362,0,0,1,0,0,0,0,93.62
765,16,3,0,0.9574,0,0,1,0,0,0,0,95.74
766,16,3,0,0.9787,0,0,1,0,0,0,0,97.87
767,16,3,0,1,0,0,1,0,0,0,0,100
768,17,3,0,0,0,0,0,1,0,0,0,0
769,17,3,0,0.0213,0,0,0,1,0,0,0,2.13
770,17,3,0,0.0426,0,0,0,1,0,0,0,4.26
771,17,3,0,0.0638,0,0,0,1,0,0,0,6.38
772,17,3,0,0.0851,0,0,0,1,0,0,0,8.51
773,17,3,0,0.1064,0,0,0,1,0,0,0,10.64
774,17,3,0,0.1277,0,0,0,1,0,0,0,12.77
775,17,3,0,0.1489,0,0,0,1,0,0,0,14.89
776,17,3,0,0.1702,0,0,0,1,0,0,0,17.02
777,17,3,0,0.1915,0,0,0,1,0,0,0,19.15
778,17,3,0,0.2128,0,0,0,1,0,0,0,21.28
779,17,3,0,0.234,0,0,0,1,0,0,0,23.4
780,17,3,0,0.2553,0,0,0,1,0,0,0,25.53
781,17,3,0,0.2766,0,0,0,1,0,0,0,27.66
782,17,3,1,0.2979,0,0,0,1,0,0,0,29.79
783,17,3,2,0.3191,0,0,0,1,0,0,0,31.91
784,17,3,2,0.3404,0,0,0,1,0,0,0,34.04
785,17,3,2,0.3617,0,0,0,1,0,0,0,36.17
786,17,3,2,0.383,0,0,0,1,0,0,0,38.3
787,17,3,2,0.4043,0,0,0,1,0,0,0,40.43
788,17,3,1,0.4255,0,0,0,1,0,0,0,42.55
789,17,3,1,0.4468,0,0,0,1,0,0,0,44.68
790,17,3,1,0.4681,0,0,0,1,0,0,0,46.81
791,17,3,1,0.4894,0,0,0,1,0,0,0,48.94
792,17,3,0,0.5106,0,0,0,1,0,0,0,51.06
793,17,3,0,0.5319,0,0,0,1,0,0,0,53.19
794,17,3,1,0.5532,0,0,0,1,0,0,0,55.32
795,17,3,1,0.5745,0,0,0,1,0,0,0,57.45
796,17,3,1,0.5957,0,0,0,1,0,0,0,59.57
797,17,3,1,0.617,0,0,0,1,0,0,0,61.7
798,17,3,1,0.6383,0,0,0,1,0,0,0,63.83
799,17,3,2,0.6596,0,0,0,1,0,0,0,65.96
800,17,3,2,0.6809,0,0,0,1,0,0,0,68.09
801,17,3,2,0.7021,0,0,0,1,0,0,0,70.21
802,17,3,2,0.7234,0,0,0,1,0,0,0,72.34
803,17,3,2,0.7447,0,0,0,1,0,0,0,74.47
804,17,3,2,0.766,0,0,0,1,0,0,0,76.6
805,17,3,1,0.7872,0,0,0,1,0,0,0,78.72
806,17,3,2,0.8085,0,0,0,1,0,0,0,80.85
807,17,3,2,0.8298,0,0,0,1,0,0,0,82.98
808,17,3,1,0.8511,0,0,0,1,0,0,0,85.11
809,17,3,1,0.8723,0,0,0,1,0,0,0,87.23
810,17,3,0,0.8936,0,0,0,1,0,0,0,89.36
811,17,3,0,0.9149,0,0,0,1,0,0,0,91.49
812,17,3,0,0.9362,0,0,0,1,0,0,0,93.62
813,17,3,0,0.9574,0,0,0,1,0,0,0,95.74
814,17,3,0,0.9787,0,0,0,1,0,0,0,97.87
815,17,3,0,1,0,0,0,1,0,0,0,100
816,18,3,0,0,0,0,0,0,1,0,0,0
817,18,3,0,0.0213,0,0,0,0,1,0,0,2.13
818,18,3,0,0.0426,0,0,0,0,1,0,0,4.26
819,18,3,0,0.0638,0,0,0,0,1,0,0,6.38
820,18,3,0,0.0851,0,0,0,0,1,0,0,8.51
821,18,3,0,0.1064,0,0,0,0,1,0,0,10.64
822,18,3,0,0.1277,0,0,0,0,1,0,0,12.77
823,18,3,0,0.1489,0,0,0,0,1,0,0,14.89
824,18,3,0,0.1702,0,0,0,0,1,0,0,17.02
825,18,3,0,0.1915,0,0,0,0,1,0,0,19.15
826,18,3,0,0.2128,0,0,0,0,1,0,0,21.28
827,18,3,0,0.234,0,0,0,0,1,0,0,23.4
828,18,3,0,0.2553,0,0,0,0,1,0,0,25.53
829,18,3,0,0.2766,0,0,0,0,1,0,0,27.66
830,18,3,1,0.2979,0,0,0,0,1,0,0,29.79
831,18,3,2,0.3191,0,0,0,0,1,0,0,31.91
832,18,3,2,0.3404,0,0,0,0,1,0,0,34.04
833,18,3,2,0.3617,0,0,0,0,1,0,0,36.17
834,18,3,2,0.383,0,0,0,0,1,0,0,38.3
835,18,3,2,0.4043,0,0,0,0,1,0,0,40.43
836,18,3,1,0.4255,0,0,0,0,1,0,0,42.55
837,18,3,1,0.4468,0,0,0,0,1,0,0,44.68
838,18,3,1,0.4681,0,0,0,0,1,0,0,46.81
839,18,3,1,0.4894,0,0,0,0,1,0,0,48.94
840,18,3,1,0.5106,0,0,0,0,1,0,0,51.06
841,18,3,1,0.5319,0,0,0,0,1,0,0,53.19
842,18,3,1,0.5532,0,0,0,0,1,0,0,55.32
843,18,3,2,0.5745,0,0,0,0,1,0,0,57.45
844,18,3,2,0.5957,0,0,0,0,1,0,0,59.57
845,18,3,2,0.617,0,0,0,0,1,0,0,61.7
846,18,3,1,0.6383,0,0,0,0,1,0,0,63.83
847,18,3,1,0.6596,0,0,0,0,1,0,0,65.96
848,18,3,2,0.6809,0,0,0,0,1,0,0,68.09
849,18,3,2,0.7021,0,0,0,0,1,0,0,70.21
850,18,3,2,0.7234,0,0,0,0,1,0,0,72.34
851,18,3,2,0.7447,0,0,0,0,1,0,0,74.47
852,18,3,2,0.766,0,0,0,0,1,0,0,76.6
853,18,3,2,0.7872,0,0,0,0,1,0,0,78.72
854,18,3,2,0.8085,0,0,0,0,1,0,0,80.85
855,18,3,2,0.8298,0,0,0,0,1,0,0,82.98
856,18,3,1,0.8511,0,0,0,0,1,0,0,85.11
857,18,3,1,0.8723,0,0,0,0,1,0,0,87.23
858,18,3,1,0.8936,0,0,0,0,1,0,0,89.36
859,18,3,1,0.9149,0,0,0,0,1,0,0,91.49
860,18,3,1,0.9362,0,0,0,0,1,0,0,93.62
861,18,3,0,0.9574,0,0,0,0,1,0,0,95.74
862,18,3,0,0.9787,0,0,0,0,1,0,0,97.87
863,18,3,0,1,0,0,0,0,1,0,0,100
864,19,3,0,0,0,0,0,0,0,1,0,0
865,19,3,0,0.0213,0,0,0,0,0,1,0,2.13
866,19,3,0,0.0426,0,0,0,0,0,1,0,4.26
867,19,3,0,0.0638,0,0,0,0,0,1,0,6.38
868,19,3,0,0.0851,0,0,0,0,0,1,0,8.51
869,19,3,0,0.1064,0,0,0,0,0,1,0,10.64
870,19,3,0,0.1277,0,0,0,0,0,1,0,12.77
871,19,3,0,0.1489,0,0,0,0,0,1,0,14.89
872,19,3,0,0.1702,0,0,0,0,0,1,0,17.02
873,19,3,0,0.1915,0,0,0,0,0,1,0,19.15
874,19,3,0,0.2128,0,0,0,0,0,1,0,21.28
875,19,3,0,0.234,0,0,0,0,0,1,0,23.4
876,19,3,0,0.2553,0,0,0,0,0,1,0,25.53
877,19,3,0,0.2766,0,0,0,0,0,1,0,27.66
878,19,3,0,0.2979,0,0,0,0,0,1,0,29.79
879,19,3,0,0.3191,0,0,0,0,0,1,0,31.91
880,19,3,0,0.3404,0,0,0,0,0,1,0,34.04
881,19,3,1,0.3617,0,0,0,0,0,1,0,36.17
882,19,3,1,0.383,0,0,0,0,0,1,0,38.3
883,19,3,2,0.4043,0,0,0,0,0,1,0,40.43
884,19,3,2,0.4255,0,0,0,0,0,1,0,42.55
885,19,3,2,0.4468,0,0,0,0,0,1,0,44.68
886,19,3,2,0.4681,0,0,0,0,0,1,0,46.81
887,19,3,2,0.4894,0,0,0,0,0,1,0,48.94
888,19,3,1,0.5106,0,0,0,0,0,1,0,51.06
889,19,3,1,0.5319,0,0,0,0,0,1,0,53.19
890,19,3,1,0.5532,0,0,0,0,0,1,0,55.32
891,19,3,1,0.5745,0,0,0,0,0,1,0,57.45
892,19,3,1,0.5957,0,0,0,0,0,1,0,59.57
893,19,3,2,0.617,0,0,0,0,0,1,0,61.7
894,19,3,2,0.6383,0,0,0,0,0,1,0,63.83
895,19,3,2,0.6596,0,0,0,0,0,1,0,65.96
896,19,3,2,0.6809,0,0,0,0,0,1,0,68.09
897,19,3,2,0.7021,0,0,0,0,0,1,0,70.21
898,19,3,2,0.7234,0,0,0,0,0,1,0,72.34
899,19,3,1,0.7447,0,0,0,0,0,1,0,74.47
900,19,3,1,0.766,0,0,0,0,0,1,0,76.6
901,19,3,1,0.7872,0,0,0,0,0,1,0,78.72
902,19,3,1,0.8085,0,0,0,0,0,1,0,80.85
903,19,3,1,0.8298,0,0,0,0,0,1,0,82.98
904,19,3,0,0.8511,0,0,0,0,0,1,0,85.11
905,19,3,1,0.8723,0,0,0,0,0,1,0,87.23
906,19,3,0,0.8936,0,0,0,0,0,1,0,89.36
907,19,3,0,0.9149,0,0,0,0,0,1,0,91.49
908,19,3,0,0.9362,0,0,0,0,0,1,0,93.62
909,19,3,0,0.9574,0,0,0,0,0,1,0,95.74
910,19,3,0,0.9787,0,0,0,0,0,1,0,97.87
911,19,3,0,1,0,0,0,0,0,1,0,100
912,20,3,0,0,0,0,0,0,0,0,1,0
913,20,3,0,0.0213,0,0,0,0,0,0,1,2.13
914,20,3,0,0.0426,0,0,0,0,0,0,1,4.26
915,20,3,0,0.0638,0,0,0,0,0,0,1,6.38
916,20,3,0,0.0851,0,0,0,0,0,0,1,8.51
917,20,3,0,0.1064,0,0,0,0,0,0,1,10.64
918,20,3,0,0.1277,0,0,0,0,0,0,1,12.77
919,20,3,0,0.1489,0,0,0,0,0,0,1,14.89
920,20,3,0,0.1702,0,0,0,0,0,0,1,17.02
921,20,3,0,0.1915,0,0,0,0,0,0,1,19.15
922,20,3,0,0.2128,0,0,0,0,0,0,1,21.28
923,20,3,0,0.234,0,0,0,0,0,0,1,23.4
924,20,3,0,0.2553,0,0,0,0,0,0,1,25.53
925,20,3,0,0.2766,0,0,0,0,0,0,1,27.66
926,20,3,0,0.2979,0,0,0,0,0,0,1,29.79
927,20,3,0,0.3191,0,0,0,0,0,0,1,31.91
928,20,3,1,0.3404,0,0,0,0,0,0,1,34.04
929,20,3,0,0.3617,0,0,0,0,0,0,1,36.17
930,20,3,1,0.383,0,0,0,0,0,0,1,38.3
931,20,3,1,0.4043,0,0,0,0,0,0,1,40.43
932,20,3,1,0.4255,0,0,0,0,0,0,1,42.55
933,20,3,1,0.4468,0,0,0,0,0,0,1,44.68
934,20,3,1,0.4681,0,0,0,0,0,0,1,46.81
935,20,3,1,0.4894,0,0,0,0,0,0,1,48.94
936,20,3,1,0.5106,0,0,0,0,0,0,1,51.06
937,20,3,1,0.5319,0,0,0,0,0,0,1,53.19
938,20,3,1,0.5532,0,0,0,0,0,0,1,55.32
939,20,3,1,0.5745,0,0,0,0,0,0,1,57.45
940,20,3,1,0.5957,0,0,0,0,0,0,1,59.57
941,20,3,1,0.617,0,0,0,0,0,0,1,61.7
942,20,3,1,0.6383,0,0,0,0,0,0,1,63.83
943,20,3,1,0.6596,0,0,0,0,0,0,1,65.96
944,20,3,2,0.6809,0,0,0,0,0,0,1,68.09
945,20,3,2,0.7021,0,0,0,0,0,0,1,70.21
946,20,3,2,0.7234,0,0,0,0,0,0,1,72.34
947,20,3,1,0.7447,0,0,0,0,0,0,1,74.47
948,20,3,1,0.766,0,0,0,0,0,0,1,76.6
949,20,3,1,0.7872,0,0,0,0,0,0,1,78.72
950,20,3,1,0.8085,0,0,0,0,0,0,1,80.85
951,20,3,1,0.8298,0,0,0,0,0,0,1,82.98
952,20,3,1,0.8511,0,0,0,0,0,0,1,85.11
953,20,3,0,0.8723,0,0,0,0,0,0,1,87.23
954,20,3,1,0.8936,0,0,0,0,0,0,1,89.36
955,20,3,0,0.9149,0,0,0,0,0,0,1,91.49
956,20,3,0,0.9362,0,0,0,0,0,0,1,93.62
957,20,3,0,0.9574,0,0,0,0,0,0,1,95.74
958,20,3,0,0.9787,0,0,0,0,0,0,1,97.87
959,20,3,0,1,0,0,0,0,0,0,1,100
960,21,3,0,0,1,0,0,0,0,0,0,0
961,21,3,0,0.0213,1,0,0,0,0,0,0,2.13
962,21,3,0,0.0426,1,0,0,0,0,0,0,4.26
963,21,3,0,0.0638,1,0,0,0,0,0,0,6.38
964,21,3,0,0.0851,1,0,0,0,0,0,0,8.51
965,21,3,0,0.1064,1,0,0,0,0,0,0,10.64
966,21,3,0,0.1277,1,0,0,0,0,0,0,12.77
967,21,3,0,0.1489,1,0,0,0,0,0,0,14.89
968,21,3,0,0.1702,1,0,0,0,0,0,0,17.02
969,21,3,0,0.1915,1,0,0,0,0,0,0,19.15
970,21,3,0,0.2128,1,0,0,0,0,0,0,21.28
971,21,3,0,0.234,1,0,0,0,0,0,0,23.4
972,21,3,0,0.2553,1,0,0,0,0,0,0,25.53
973,21,3,0,0.2766,1,0,0,0,0,0,0,27.66
974,21,3,1,0.2979,1,0,0,0,0,0,0,29.79
975,21,3,2,0.3191,1,0,0,0,0,0,0,31.91
976,21,3,3,0.3404,1,0,0,0,0,0,0,34.04
977,21,3,2,0.3617,1,0,0,0,0,0,0,36.17
978,21,3,2,0.383,1,0,0,0,0,0,0,38.3
979,21,3,2,0.4043,1,0,0,0,0,0,0,40.43
980,21,3,2,0.4255,1,0,0,0,0,0,0,42.55
981,21,3,1,0.4468,1,0,0,0,0,0,0,44.68
982,21,3,0,0.4681,1,0,0,0,0,0,0,46.81
983,21,3,0,0.4894,1,0,0,0,0,0,0,48.94
984,21,3,0,0.5106,1,0,0,0,0,0,0,51.06
985,21,3,0,0.5319,1,0,0,0,0,0,0,53.19
986,21,3,1,0.5532,1,0,0,0,0,0,0,55.32
987,21,3,1,0.5745,1,0,0,0,0,0,0,57.45
988,21,3,1,0.5957,1,0,0,0,0,0,0,59.57
989,21,3,1,0.617,1,0,0,0,0,0,0,61.7
990,21,3,0,0.6383,1,0,0,0,0,0,0,63.83
991,21,3,1,0.6596,1,0,0,0,0,0,0,65.96
992,21,3,1,0.6809,1,0,0,0,0,0,0,68.09
993,21,3,1,0.7021,1,0,0,0,0,0,0,70.21
994,21,3,1,0.7234,1,0,0,0,0,0,0,72.34
995,21,3,1,0.7447,1,0,0,0,0,0,0,74.47
996,21,3,1,0.766,1,0,0,0,0,0,0,76.6
997,21,3,1,0.7872,1,0,0,0,0,0,0,78.72
998,21,3,1,0.8085,1,0,0,0,0,0,0,80.85
999,21,3,1,0.8298,1,0,0,0,0,0,0,82.98
1000,21,3,1,0.8511,1,0,0,0,0,0,0,85.11
1001,21,3,0,0.8723,1,0,0,0,0,0,0,87.23
1002,21,3,0,0.8936,1,0,0,0,0,0,0,89.36
1003,21,3,0,0.9149,1,0,0,0,0,0,0,91.49
1004,21,3,0,0.9362,1,0,0,0,0,0,0,93.62
1005,21,3,0,0.9574,1,0,0,0,0,0,0,95.74
1006,21,3,0,0.9787,1,0,0,0,0,0,0,97.87
1007,21,3,0,1,1,0,0,0,0,0,0,100
1008,22,3,0,0,0,1,0,0,0,0,0,0
1009,22,3,0,0.0213,0,1,0,0,0,0,0,2.13
1010,22,3,0,0.0426,0,1,0,0,0,0,0,4.26
1011,22,3,0,0.0638,0,1,0,0,0,0,0,6.38
1012,22,3,0,0.0851,0,1,0,0,0,0,0,8.51
1013,22,3,0,0.1064,0,1,0,0,0,0,0,10.64
1014,22,3,0,0.1277,0,1,0,0,0,0,0,12.77
1015,22,3,0,0.1489,0,1,0,0,0,0,0,14.89
1016,22,3,0,0.1702,0,1,0,0,0,0,0,17.02
1017,22,3,0,0.1915,0,1,0,0,0,0,0,19.15
1018,22,3,0,0.2128,0,1,0,0,0,0,0,21.28
1019,22,3,0,0.234,0,1,0,0,0,0,0,23.4
1020,22,3,0,0.2553,0,1,0,0,0,0,0,25.53
1021,22,3,0,0.2766,0,1,0,0,0,0,0,27.66
1022,22,3,1,0.2979,0,1,0,0,0,0,0,29.79
1023,22,3,2,0.3191,0,1,0,0,0,0,0,31.91
1024,22,3,2,0.3404,0,1,0,0,0,0,0,34.04
1025,22,3,2,0.3617,0,1,0,0,0,0,0,36.17
1026,22,3,2,0.383,0,1,0,0,0,0,0,38.3
1027,22,3,1,0.4043,0,1,0,0,0,0,0,40.43
1028,22,3,1,0.4255,0,1,0,0,0,0,0,42.55
1029,22,3,1,0.4468,0,1,0,0,0,0,0,44.68
1030,22,3,1,0.4681,0,1,0,0,0,0,0,46.81
1031,22,3,1,0.4894,0,1,0,0,0,0,0,48.94
1032,22,3,1,0.5106,0,1,0,0,0,0,0,51.06
1033,22,3,1,0.5319,0,1,0,0,0,0,0,53.19
1034,22,3,1,0.5532,0,1,0,0,0,0,0,55.32
1035,22,3,1,0.5745,0,1,0,0,0,0,0,57.45
1036,22,3,1,0.5957,0,1,0,0,0,0,0,59.57
1037,22,3,1,0.617,0,1,0,0,0,0,0,61.7
1038,22,3,2,0.6383,0,1,0,0,0,0,0,63.83
1039,22,3,2,0.6596,0,1,0,0,0,0,0,65.96
1040,22,3,1,0.6809,0,1,0,0,0,0,0,68.09
1041,22,3,1,0.7021,0,1,0,0,0,0,0,70.21
1042,22,3,1,0.7234,0,1,0,0,0,0,0,72.34
1043,22,3,2,0.7447,0,1,0,0,0,0,0,74.47
1044,22,3,2,0.766,0,1,0,0,0,0,0,76.6
1045,22,3,1,0.7872,0,1,0,0,0,0,0,78.72
1046,22,3,1,0.8085,0,1,0,0,0,0,0,80.85
1047,22,3,1,0.8298,0,1,0,0,0,0,0,82.98
1048,22,3,1,0.8511,0,1,0,0,0,0,0,85.11
1049,22,3,1,0.8723,0,1,0,0,0,0,0,87.23
1050,22,3,0,0.8936,0,1,0,0,0,0,0,89.36
1051,22,3,0,0.9149,0,1,0,0,0,0,0,91.49
1052,22,3,0,0.9362,0,1,0,0,0,0,0,93.62
1053,22,3,0,0.9574,0,1,0,0,0,0,0,95.74
1054,22,3,0,0.9787,0,1,0,0,0,0,0,97.87
1055,22,3,0,1,0,1,0,0,0,0,0,100
1056,23,3,0,0,0,0,1,0,0,0,0,0
1057,23,3,0,0.0213,0,0,1,0,0,0,0,2.13
1058,23,3,0,0.0426,0,0,1,0,0,0,0,4.26
1059,23,3,0,0.0638,0,0,1,0,0,0,0,6.38
1060,23,3,0,0.0851,0,0,1,0,0,0,0,8.51
1061,23,3,0,0.1064,0,0,1,0,0,0,0,10.64
1062,23,3,0,0.1277,0,0,1,0,0,0,0,12.77
1063,23,3,0,0.1489,0,0,1,0,0,0,0,14.89
1064,23,3,0,0.1702,0,0,1,0,0,0,0,17.02
1065,23,3,0,0.1915,0,0,1,0,0,0,0,19.15
1066,23,3,0,0.2128,0,0,1,0,0,0,0,21.28
1067,23,3,0,0.234,0,0,1,0,0,0,0,23.4
1068,23,3,0,0.2553,0,0,1,0,0,0,0,25.53
1069,23,3,0,0.2766,0,0,1,0,0,0,0,27.66
1070,23,3,1,0.2979,0,0,1,0,0,0,0,29.79
1071,23,3,2,0.3191,0,0,1,0,0,0,0,31.91
1072,23,3,2,0.3404,0,0,1,0,0,0,0,34.04
1073,23,3,2,0.3617,0,0,1,0,0,0,0,36.17
1074,23,3,1,0.383,0,0,1,0,0,0,0,38.3
1075,23,3,1,0.4043,0,0,1,0,0,0,0,40.43
1076,23,3,1,0.4255,0,0,1,0,0,0,0,42.55
1077,23,3,1,0.4468,0,0,1,0,0,0,0,44.68
1078,23,3,1,0.4681,0,0,1,0,0,0,0,46.81
1079,23,3,0,0.4894,0,0,1,0,0,0,0,48.94
1080,23,3,0,0.5106,0,0,1,0,0,0,0,51.06
1081,23,3,0,0.5319,0,0,1,0,0,0,0,53.19
1082,23,3,0,0.5532,0,0,1,0,0,0,0,55.32
1083,23,3,1,0.5745,0,0,1,0,0,0,0,57.45
1084,23,3,1,0.5957,0,0,1,0,0,0,0,59.57
1085,23,3,1,0.617,0,0,1,0,0,0,0,61.7
1086,23,3,1,0.6383,0,0,1,0,0,0,0,63.83
1087,23,3,1,0.6596,0,0,1,0,0,0,0,65.96
1088,23,3,1,0.6809,0,0,1,0,0,0,0,68.09
1089,23,3,1,0.7021,0,0,1,0,0,0,0,70.21
1090,23,3,1,0.7234,0,0,1,0,0,0,0,72.34
1091,23,3,2,0.7447,0,0,1,0,0,0,0,74.47
1092,23,3,2,0.766,0,0,1,0,0,0,0,76.6
1093,23,3,1,0.7872,0,0,1,0,0,0,0,78.72
1094,23,3,1,0.8085,0,0,1,0,0,0,0,80.85
1095,23,3,1,0.8298,0,0,1,0,0,0,0,82.98
1096,23,3,0,0.8511,0,0,1,0,0,0,0,85.11
1097,23,3,1,0.8723,0,0,1,0,0,0,0,87.23
1098,23,3,0,0.8936,0,0,1,0,0,0,0,89.36
1099,23,3,0,0.9149,0,0,1,0,0,0,0,91.49
1100,23,3,0,0.9362,0,0,1,0,0,0,0,93.62
1101,23,3,0,0.9574,0,0,1,0,0,0,0,95.74
1102,23,3,0,0.9787,0,0,1,0,0,0,0,97.87
1103,23,3,0,1,0,0,1,0,0,0,0,100
1104,24,3,0,0,0,0,0,1,0,0,0,0
1105,24,3,0,0.0213,0,0,0,1,0,0,0,2.13
1106,24,3,0,0.0426,0,0,0,1,0,0,0,4.26
1107,24,3,0,0.0638,0,0,0,1,0,0,0,6.38
1108,24,3,0,0.0851,0,0,0,1,0,0,0,8.51
1109,24,3,0,0.1064,0,0,0,1,0,0,0,10.64
1110,24,3,0,0.1277,0,0,0,1,0,0,0,12.77
1111,24,3,0,0.1489,0,0,0,1,0,0,0,14.89
1112,24,3,0,0.1702,0,0,0,1,0,0,0,17.02
1113,24,3,0,0.1915,0,0,0,1,0,0,0,19.15
1114,24,3,0,0.2128,0,0,0,1,0,0,0,21.28
1115,24,3,0,0.234,0,0,0,1,0,0,0,23.4
1116,24,3,0,0.2553,0,0,0,1,0,0,0,25.53
1117,24,3,0,0.2766,0,0,0,1,0,0,0,27.66
1118,24,3,1,0.2979,0,0,0,1,0,0,0,29.79
1119,24,3,2,0.3191,0,0,0,1,0,0,0,31.91
1120,24,3,2,0.3404,0,0,0,1,0,0,0,34.04
1121,24,3,2,0.3617,0,0,0,1,0,0,0,36.17
1122,24,3,2,0.383,0,0,0,1,0,0,0,38.3
1123,24,3,2,0.4043,0,0,0,1,0,0,0,40.43
1124,24,3,2,0.4255,0,0,0,1,0,0,0,42.55
1125,24,3,1,0.4468,0,0,0,1,0,0,0,44.68
1126,24,3,1,0.4681,0,0,0,1,0,0,0,46.81
1127,24,3,1,0.4894,0,0,0,1,0,0,0,48.94
1128,24,3,1,0.5106,0,0,0,1,0,0,0,51.06
1129,24,3,1,0.5319,0,0,0,1,0,0,0,53.19
1130,24,3,1,0.5532,0,0,0,1,0,0,0,55.32
1131,24,3,1,0.5745,0,0,0,1,0,0,0,57.45
1132,24,3,1,0.5957,0,0,0,1,0,0,0,59.57
1133,24,3,1,0.617,0,0,0,1,0,0,0,61.7
1134,24,3,2,0.6383,0,0,0,1,0,0,0,63.83
1135,24,3,1,0.6596,0,0,0,1,0,0,0,65.96
1136,24,3,1,0.6809,0,0,0,1,0,0,0,68.09
1137,24,3,1,0.7021,0,0,0,1,0,0,0,70.21
1138,24,3,1,0.7234,0,0,0,1,0,0,0,72.34
1139,24,3,1,0.7447,0,0,0,1,0,0,0,74.47
1140,24,3,2,0.766,0,0,0,1,0,0,0,76.6
1141,24,3,1,0.7872,0,0,0,1,0,0,0,78.72
1142,24,3,1,0.8085,0,0,0,1,0,0,0,80.85
1143,24,3,1,0.8298,0,0,0,1,0,0,0,82.98
1144,24,3,1,0.8511,0,0,0,1,0,0,0,85.11
1145,24,3,0,0.8723,0,0,0,1,0,0,0,87.23
1146,24,3,0,0.8936,0,0,0,1,0,0,0,89.36
1147,24,3,0,0.9149,0,0,0,1,0,0,0,91.49
1148,24,3,0,0.9362,0,0,0,1,0,0,0,93.62
1149,24,3,0,0.9574,0,0,0,1,0,0,0,95.74
1150,24,3,0,0.9787,0,0,0,1,0,0,0,97.87
1151,24,3,0,1,0,0,0,1,0,0,0,100
1152,25,3,0,0,0,0,0,0,1,0,0,0
1153,25,3,0,0.0213,0,0,0,0,1,0,0,2.13
1154,25,3,0,0.0426,0,0,0,0,1,0,0,4.26
1155,25,3,0,0.0638,0,0,0,0,1,0,0,6.38
1156,25,3,0,0.0851,0,0,0,0,1,0,0,8.51
1157,25,3,0,0.1064,0,0,0,0,1,0,0,10.64
1158,25,3,0,0.1277,0,0,0,0,1,0,0,12.77
1159,25,3,0,0.1489,0,0,0,0,1,0,0,14.89
1160,25,3,0,0.1702,0,0,0,0,1,0,0,17.02
1161,25,3,0,0.1915,0,0,0,0,1,0,0,19.15
1162,25,3,0,0.2128,0,0,0,0,1,0,0,21.28
1163,25,3,0,0.234,0,0,0,0,1,0,0,23.4
1164,25,3,0,0.2553,0,0,0,0,1,0,0,25.53
1165,25,3,0,0.2766,0,0,0,0,1,0,0,27.66
1166,25,3,1,0.2979,0,0,0,0,1,0,0,29.79
1167,25,3,2,0.3191,0,0,0,0,1,0,0,31.91
1168,25,3,3,0.3404,0,0,0,0,1,0,0,34.04
1169,25,3,2,0.3617,0,0,0,0,1,0,0,36.17
1170,25,3,2,0.383,0,0,0,0,1,0,0,38.3
1171,25,3,2,0.4043,0,0,0,0,1,0,0,40.43
1172,25,3,2,0.4255,0,0,0,0,1,0,0,42.55
1173,25,3,1,0.4468,0,0,0,0,1,0,0,44.68
1174,25,3,1,0.4681,0,0,0,0,1,0,0,46.81
1175,25,3,1,0.4894,0,0,0,0,1,0,0,48.94
1176,25,3,1,0.5106,0,0,0,0,1,0,0,51.06
1177,25,3,1,0.5319,0,0,0,0,1,0,0,53.19
1178,25,3,1,0.5532,0,0,0,0,1,0,0,55.32
1179,25,3,1,0.5745,0,0,0,0,1,0,0,57.45
1180,25,3,2,0.5957,0,0,0,0,1,0,0,59.57
1181,25,3,2,0.617,0,0,0,0,1,0,0,61.7
1182,25,3,1,0.6383,0,0,0,0,1,0,0,63.83
1183,25,3,2,0.6596,0,0,0,0,1,0,0,65.96
1184,25,3,2,0.6809,0,0,0,0,1,0,0,68.09
1185,25,3,2,0.7021,0,0,0,0,1,0,0,70.21
1186,25,3,3,0.7234,0,0,0,0,1,0,0,72.34
1187,25,3,3,0.7447,0,0,0,0,1,0,0,74.47
1188,25,3,3,0.766,0,0,0,0,1,0,0,76.6
1189,25,3,2,0.7872,0,0,0,0,1,0,0,78.72
1190,25,3,1,0.8085,0,0,0,0,1,0,0,80.85
1191,25,3,1,0.8298,0,0,0,0,1,0,0,82.98
1192,25,3,1,0.8511,0,0,0,0,1,0,0,85.11
1193,25,3,1,0.8723,0,0,0,0,1,0,0,87.23
1194,25,3,1,0.8936,0,0,0,0,1,0,0,89.36
1195,25,3,1,0.9149,0,0,0,0,1,0,0,91.49
1196,25,3,1,0.9362,0,0,0,0,1,0,0,93.62
1197,25,3,0,0.9574,0,0,0,0,1,0,0,95.74
1198,25,3,0,0.9787,0,0,0,0,1,0,0,97.87
1199,25,3,0,1,0,0,0,0,1,0,0,100
1200,26,3,0,0,0,0,0,0,0,1,0,0
1201,26,3,0,0.0213,0,0,0,0,0,1,0,2.13
1202,26,3,0,0.0426,0,0,0,0,0,1,0,4.26
1203,26,3,0,0.0638,0,0,0,0,0,1,0,6.38
1204,26,3,0,0.0851,0,0,0,0,0,1,0,8.51
1205,26,3,0,0.1064,0,0,0,0,0,1,0,10.64
1206,26,3,0,0.1277,0,0,0,0,0,1,0,12.77
1207,26,3,0,0.1489,0,0,0,0,0,1,0,14.89
1208,26,3,0,0.1702,0,0,0,0,0,1,0,17.02
1209,26,3,0,0.1915,0,0,0,0,0,1,0,19.15
1210,26,3,0,0.2128,0,0,0,0,0,1,0,21.28
1211,26,3,0,0.234,0,0,0,0,0,1,0,23.4
1212,26,3,0,0.2553,0,0,0,0,0,1,0,25.53
1213,26,3,0,0.2766,0,0,0,0,0,1,0,27.66
1214,26,3,0,0.2979,0,0,0,0,0,1,0,29.79
1215,26,3,0,0.3191,0,0,0,0,0,1,0,31.91
1216,26,3,1,0.3404,0,0,0,0,0,1,0,34.04
1217,26,3,2,0.3617,0,0,0,0,0,1,0,36.17
1218,26,3,2,0.383,0,0,0,0,0,1,0,38.3
1219,26,3,2,0.4043,0,0,0,0,0,1,0,40.43
1220,26,3,2,0.4255,0,0,0,0,0,1,0,42.55
1221,26,3,2,0.4468,0,0,0,0,0,1,0,44.68
1222,26,3,2,0.4681,0,0,0,0,0,1,0,46.81
1223,26,3,2,0.4894,0,0,0,0,0,1,0,48.94
1224,26,3,1,0.5106,0,0,0,0,0,1,0,51.06
1225,26,3,1,0.5319,0,0,0,0,0,1,0,53.19
1226,26,3,1,0.5532,0,0,0,0,0,1,0,55.32
1227,26,3,1,0.5745,0,0,0,0,0,1,0,57.45
1228,26,3,1,0.5957,0,0,0,0,0,1,0,59.57
1229,26,3,1,0.617,0,0,0,0,0,1,0,61.7
1230,26,3,2,0.6383,0,0,0,0,0,1,0,63.83
1231,26,3,1,0.6596,0,0,0,0,0,1,0,65.96
1232,26,3,1,0.6809,0,0,0,0,0,1,0,68.09
1233,26,3,1,0.7021,0,0,0,0,0,1,0,70.21
1234,26,3,1,0.7234,0,0,0,0,0,1,0,72.34
1235,26,3,1,0.7447,0,0,0,0,0,1,0,74.47
1236,26,3,1,0.766,0,0,0,0,0,1,0,76.6
1237,26,3,1,0.7872,0,0,0,0,0,1,0,78.72
1238,26,3,1,0.8085,0,0,0,0,0,1,0,80.85
1239,26,3,1,0.8298,0,0,0,0,0,1,0,82.98
1240,26,3,1,0.8511,0,0,0,0,0,1,0,85.11
1241,26,3,0,0.8723,0,0,0,0,0,1,0,87.23
1242,26,3,1,0.8936,0,0,0,0,0,1,0,89.36
1243,26,3,0,0.9149,0,0,0,0,0,1,0,91.49
1244,26,3,0,0.9362,0,0,0,0,0,1,0,93.62
1245,26,3,0,0.9574,0,0,0,0,0,1,0,95.74
1246,26,3,0,0.9787,0,0,0,0,0,1,0,97.87
1247,26,3,0,1,0,0,0,0,0,1,0,100
1248,27,3,0,0,0,0,0,0,0,0,1,0
1249,27,3,0,0.0213,0,0,0,0,0,0,1,2.13
1250,27,3,0,0.0426,0,0,0,0,0,0,1,4.26
1251,27,3,0,0.0638,0,0,0,0,0,0,1,6.38
1252,27,3,0,0.0851,0,0,0,0,0,0,1,8.51
1253,27,3,0,0.1064,0,0,0,0,0,0,1,10.64
1254,27,3,0,0.1277,0,0,0,0,0,0,1,12.77
1255,27,3,0,0.1489,0,0,0,0,0,0,1,14.89
1256,27,3,0,0.1702,0,0,0,0,0,0,1,17.02
1257,27,3,0,0.1915,0,0,0,0,0,0,1,19.15
1258,27,3,0,0.2128,0,0,0,0,0,0,1,21.28
1259,27,3,0,0.234,0,0,0,0,0,0,1,23.4
1260,27,3,0,0.2553,0,0,0,0,0,0,1,25.53
1261,27,3,0,0.2766,0,0,0,0,0,0,1,27.66
1262,27,3,0,0.2979,0,0,0,0,0,0,1,29.79
1263,27,3,0,0.3191,0,0,0,0,0,0,1,31.91
1264,27,3,0,0.3404,0,0,0,0,0,0,1,34.04
1265,27,3,1,0.3617,0,0,0,0,0,0,1,36.17
1266,27,3,1,0.383,0,0,0,0,0,0,1,38.3
1267,27,3,1,0.4043,0,0,0,0,0,0,1,40.43
1268,27,3,1,0.4255,0,0,0,0,0,0,1,42.55
1269,27,3,1,0.4468,0,0,0,0,0,0,1,44.68
1270,27,3,1,0.4681,0,0,0,0,0,0,1,46.81
1271,27,3,1,0.4894,0,0,0,0,0,0,1,48.94
1272,27,3,1,0.5106,0,0,0,0,0,0,1,51.06
1273,27,3,1,0.5319,0,0,0,0,0,0,1,53.19
1274,27,3,1,0.5532,0,0,0,0,0,0,1,55.32
1275,27,3,1,0.5745,0,0,0,0,0,0,1,57.45
1276,27,3,1,0.5957,0,0,0,0,0,0,1,59.57
1277,27,3,1,0.617,0,0,0,0,0,0,1,61.7
1278,27,3,1,0.6383,0,0,0,0,0,0,1,63.83
1279,27,3,1,0.6596,0,0,0,0,0,0,1,65.96
1280,27,3,1,0.6809,0,0,0,0,0,0,1,68.09
1281,27,3,1,0.7021,0,0,0,0,0,0,1,70.21
1282,27,3,1,0.7234,0,0,0,0,0,0,1,72.34
1283,27,3,1,0.7447,0,0,0,0,0,0,1,74.47
1284,27,3,1,0.766,0,0,0,0,0,0,1,76.6
1285,27,3,1,0.7872,0,0,0,0,0,0,1,78.72
1286,27,3,1,0.8085,0,0,0,0,0,0,1,80.85
1287,27,3,1,0.8298,0,0,0,0,0,0,1,82.98
1288,27,3,1,0.8511,0,0,0,0,0,0,1,85.11
1289,27,3,1,0.8723,0,0,0,0,0,0,1,87.23
1290,27,3,1,0.8936,0,0,0,0,0,0,1,89.36
1291,27,3,0,0.9149,0,0,0,0,0,0,1,91.49
1292,27,3,0,0.9362,0,0,0,0,0,0,1,93.62
1293,27,3,0,0.9574,0,0,0,0,0,0,1,95.74
1294,27,3,0,0.9787,0,0,0,0,0,0,1,97.87
1295,27,3,0,1,0,0,0,0,0,0,1,100
1296,28,3,0,0,1,0,0,0,0,0,0,0
1297,28,3,0,0.0213,1,0,0,0,0,0,0,2.13
1298,28,3,0,0.0426,1,0,0,0,0,0,0,4.26
1299,28,3,0,0.0638,1,0,0,0,0,0,0,6.38
1300,28,3,0,0.0851,1,0,0,0,0,0,0,8.51
1301,28,3,0,0.1064,1,0,0,0,0,0,0,10.64
1302,28,3,0,0.1277,1,0,0,0,0,0,0,12.77
1303,28,3,0,0.1489,1,0,0,0,0,0,0,14.89
1304,28,3,0,0.1702,1,0,0,0,0,0,0,17.02
1305,28,3,0,0.1915,1,0,0,0,0,0,0,19.15
1306,28,3,0,0.2128,1,0,0,0,0,0,0,21.28
1307,28,3,0,0.234,1,0,0,0,0,0,0,23.4
1308,28,3,0,0.2553,1,0,0,0,0,0,0,25.53
1309,28,3,0,0.2766,1,0,0,0,0,0,0,27.66
1310,28,3,1,0.2979,1,0,0,0,0,0,0,29.79
1311,28,3,2,0.3191,1,0,0,0,0,0,0,31.91
1312,28,3,2,0.3404,1,0,0,0,0,0,0,34.04
1313,28,3,2,0.3617,1,0,0,0,0,0,0,36.17
1314,28,3,2,0.383,1,0,0,0,0,0,0,38.3
1315,28,3,1,0.4043,1,0,0,0,0,0,0,40.43
1316,28,3,1,0.4255,1,0,0,0,0,0,0,42.55
1317,28,3,1,0.4468,1,0,0,0,0,0,0,44.68
1318,28,3,0,0.4681,1,0,0,0,0,0,0,46.81
1319,28,3,0,0.4894,1,0,0,0,0,0,0,48.94
1320,28,3,0,0.5106,1,0,0,0,0,0,0,51.06
1321,28,3,0,0.5319,1,0,0,0,0,0,0,53.19
1322,28,3,0,0.5532,1,0,0,0,0,0,0,55.32
1323,28,3,1,0.5745,1,0,0,0,0,0,0,57.45
1324,28,3,1,0.5957,1,0,0,0,0,0,0,59.57
1325,28,3,1,0.617,1,0,0,0,0,0,0,61.7
1326,28,3,1,0.6383,1,0,0,0,0,0,0,63.83
1327,28,3,1,0.6596,1,0,0,0,0,0,0,65.96
1328,28,3,1,0.6809,1,0,0,0,0,0,0,68.09
1329,28,3,1,0.7021,1,0,0,0,0,0,0,70.21
1330,28,3,1,0.7234,1,0,0,0,0,0,0,72.34
1331,28,3,1,0.7447,1,0,0,0,0,0,0,74.47
1332,28,3,1,0.766,1,0,0,0,0,0,0,76.6
1333,28,3,2,0.7872,1,0,0,0,0,0,0,78.72
1334,28,3,1,0.8085,1,0,0,0,0,0,0,80.85
1335,28,3,1,0.8298,1,0,0,0,0,0,0,82.98
1336,28,3,0,0.8511,1,0,0,0,0,0,0,85.11
1337,28,3,1,0.8723,1,0,0,0,0,0,0,87.23
1338,28,3,0,0.8936,1,0,0,0,0,0,0,89.36
1339,28,3,0,0.9149,1,0,0,0,0,0,0,91.49
1340,28,3,0,0.9362,1,0,0,0,0,0,0,93.62
1341,28,3,0,0.9574,1,0,0,0,0,0,0,95.74
1342,28,3,0,0.9787,1,0,0,0,0,0,0,97.87
1343,28,3,0,1,1,0,0,0,0,0,0,100
1344,29,3,0,0,0,1,0,0,0,0,0,0
1345,29,3,0,0.0213,0,1,0,0,0,0,0,2.13
1346,29,3,0,0.0426,0,1,0,0,0,0,0,4.26
1347,29,3,0,0.0638,0,1,0,0,0,0,0,6.38
1348,29,3,0,0.0851,0,1,0,0,0,0,0,8.51
1349,29,3,0,0.1064,0,1,0,0,0,0,0,10.64
1350,29,3,0,0.1277,0,1,0,0,0,0,0,12.77
1351,29,3,0,0.1489,0,1,0,0,0,0,0,14.89
1352,29,3,0,0.1702,0,1,0,0,0,0,0,17.02
1353,29,3,0,0.1915,0,1,0,0,0,0,0,19.15
1354,29,3,0,0.2128,0,1,0,0,0,0,0,21.28
1355,29,3,0,0.234,0,1,0,0,0,0,0,23.4
1356,29,3,0,0.2553,0,1,0,0,0,0,0,25.53
1357,29,3,0,0.2766,0,1,0,0,0,0,0,27.66
1358,29,3,1,0.2979,0,1,0,0,0,0,0,29.79
1359,29,3,2,0.3191,0,1,0,0,0,0,0,31.91
1360,29,3,2,0.3404,0,1,0,0,0,0,0,34.04
1361,29,3,2,0.3617,0,1,0,0,0,0,0,36.17
1362,29,3,2,0.383,0,1,0,0,0,0,0,38.3
1363,29,3,2,0.4043,0,1,0,0,0,0,0,40.43
1364,29,3,2,0.4255,0,1,0,0,0,0,0,42.55
1365,29,3,1,0.4468,0,1,0,0,0,0,0,44.68
1366,29,3,1,0.4681,0,1,0,0,0,0,0,46.81
1367,29,3,1,0.4894,0,1,0,0,0,0,0,48.94
1368,29,3,0,0.5106,0,1,0,0,0,0,0,51.06
1369,29,3,1,0.5319,0,1,0,0,0,0,0,53.19
1370,29,3,1,0.5532,0,1,0,0,0,0,0,55.32
1371,29,3,1,0.5745,0,1,0,0,0,0,0,57.45
1372,29,3,1,0.5957,0,1,0,0,0,0,0,59.57
1373,29,3,1,0.617,0,1,0,0,0,0,0,61.7
1374,29,3,1,0.6383,0,1,0,0,0,0,0,63.83
1375,29,3,1,0.6596,0,1,0,0,0,0,0,65.96
1376,29,3,2,0.6809,0,1,0,0,0,0,0,68.09
1377,29,3,2,0.7021,0,1,0,0,0,0,0,70.21
1378,29,3,2,0.7234,0,1,0,0,0,0,0,72.34
1379,29,3,2,0.7447,0,1,0,0,0,0,0,74.47
1380,29,3,2,0.766,0,1,0,0,0,0,0,76.6
1381,29,3,2,0.7872,0,1,0,0,0,0,0,78.72
1382,29,3,2,0.8085,0,1,0,0,0,0,0,80.85
1383,29,3,1,0.8298,0,1,0,0,0,0,0,82.98
1384,29,3,1,0.8511,0,1,0,0,0,0,0,85.11
1385,29,3,1,0.8723,0,1,0,0,0,0,0,87.23
1386,29,3,0,0.8936,0,1,0,0,0,0,0,89.36
1387,29,3,0,0.9149,0,1,0,0,0,0,0,91.49
1388,29,3,0,0.9362,0,1,0,0,0,0,0,93.62
1389,29,3,0,0.9574,0,1,0,0,0,0,0,95.74
1390,29,3,0,0.9787,0,1,0,0,0,0,0,97.87
1391,29,3,0,1,0,1,0,0,0,0,0,100
1392,30,3,0,0,0,0,1,0,0,0,0,0
1393,30,3,0,0.0213,0,0,1,0,0,0,0,2.13
1394,30,3,0,0.0426,0,0,1,0,0,0,0,4.26
1395,30,3,0,0.0638,0,0,1,0,0,0,0,6.38
1396,30,3,0,0.0851,0,0,1,0,0,0,0,8.51
1397,30,3,0,0.1064,0,0,1,0,0,0,0,10.64
1398,30,3,1,0.1277,0,0,1,0,0,0,0,12.77
1399,30,3,0,0.1489,0,0,1,0,0,0,0,14.89
1400,30,3,0,0.1702,0,0,1,0,0,0,0,17.02
1401,30,3,0,0.1915,0,0,1,0,0,0,0,19.15
1402,30,3,0,0.2128,0,0,1,0,0,0,0,21.28
1403,30,3,0,0.234,0,0,1,0,0,0,0,23.4
1404,30,3,0,0.2553,0,0,1,0,0,0,0,25.53
1405,30,3,0,0.2766,0,0,1,0,0,0,0,27.66
1406,30,3,1,0.2979,0,0,1,0,0,0,0,29.79
1407,30,3,2,0.3191,0,0,1,0,0,0,0,31.91
1408,30,3,2,0.3404,0,0,1,0,0,0,0,34.04
1409,30,3,2,0.3617,0,0,1,0,0,0,0,36.17
1410,30,3,2,0.383,0,0,1,0,0,0,0,38.3
1411,30,3,2,0.4043,0,0,1,0,0,0,0,40.43
1412,30,3,1,0.4255,0,0,1,0,0,0,0,42.55
1413,30,3,1,0.4468,0,0,1,0,0,0,0,44.68
1414,30,3,1,0.4681,0,0,1,0,0,0,0,46.81
1415,30,3,1,0.4894,0,0,1,0,0,0,0,48.94
1416,30,3,1,0.5106,0,0,1,0,0,0,0,51.06
1417,30,3,0,0.5319,0,0,1,0,0,0,0,53.19
1418,30,3,1,0.5532,0,0,1,0,0,0,0,55.32
1419,30,3,1,0.5745,0,0,1,0,0,0,0,57.45
1420,30,3,1,0.5957,0,0,1,0,0,0,0,59.57
1421,30,3,1,0.617,0,0,1,0,0,0,0,61.7
1422,30,3,1,0.6383,0,0,1,0,0,0,0,63.83
1423,30,3,1,0.6596,0,0,1,0,0,0,0,65.96
1424,30,3,1,0.6809,0,0,1,0,0,0,0,68.09
1425,30,3,1,0.7021,0,0,1,0,0,0,0,70.21
1426,30,3,1,0.7234,0,0,1,0,0,0,0,72.34
1427,30,3,1,0.7447,0,0,1,0,0,0,0,74.47
1428,30,3,1,0.766,0,0,1,0,0,0,0,76.6
1429,30,3,1,0.7872,0,0,1,0,0,0,0,78.72
1430,30,3,1,0.8085,0,0,1,0,0,0,0,80.85
1431,30,3,1,0.8298,0,0,1,0,0,0,0,82.98
1432,30,3,1,0.8511,0,0,1,0,0,0,0,85.11
1433,30,3,1,0.8723,0,0,1,0,0,0,0,87.23
1434,30,3,0,0.8936,0,0,1,0,0,0,0,89.36
1435,30,3,0,0.9149,0,0,1,0,0,0,0,91.49
1436,30,3,0,0.9362,0,0,1,0,0,0,0,93.62
1437,30,3,0,0.9574,0,0,1,0,0,0,0,95.74
1438,30,3,0,0.9787,0,0,1,0,0,0,0,97.87
1439,30,3,0,1,0,0,1,0,0,0,0,100
1440,31,3,0,0,0,0,0,1,0,0,0,0
1441,31,3,0,0.0213,0,0,0,1,0,0,0,2.13
1442,31,3,0,0.0426,0,0,0,1,0,0,0,4.26
1443,31,3,0,0.0638,0,0,0,1,0,0,0,6.38
1444,31,3,0,0.0851,0,0,0,1,0,0,0,8.51
1445,31,3,0,0.1064,0,0,0,1,0,0,0,10.64
1446,31,3,0,0.1277,0,0,0,1,0,0,0,12.77
1447,31,3,0,0.1489,0,0,0,1,0,0,0,14.89
1448,31,3,0,0.1702,0,0,0,1,0,0,0,17.02
1449,31,3,0,0.1915,0,0,0,1,0,0,0,19.15
1450,31,3,0,0.2128,0,0,0,1,0,0,0,21.28
1451,31,3,0,0.234,0,0,0,1,0,0,0,23.4
1452,31,3,0,0.2553,0,0,0,1,0,0,0,25.53
1453,31,3,0,0.2766,0,0,0,1,0,0,0,27.66
1454,31,3,1,0.2979,0,0,0,1,0,0,0,29.79
1455,31,3,2,0.3191,0,0,0,1,0,0,0,31.91
1456,31,3,2,0.3404,0,0,0,1,0,0,0,34.04
1457,31,3,2,0.3617,0,0,0,1,0,0,0,36.17
1458,31,3,1,0.383,0,0,0,1,0,0,0,38.3
1459,31,3,1,0.4043,0,0,0,1,0,0,0,40.43
1460,31,3,1,0.4255,0,0,0,1,0,0,0,42.55
1461,31,3,1,0.4468,0,0,0,1,0,0,0,44.68
1462,31,3,1,0.4681,0,0,0,1,0,0,0,46.81
1463,31,3,1,0.4894,0,0,0,1,0,0,0,48.94
1464,31,3,1,0.5106,0,0,0,1,0,0,0,51.06
1465,31,3,0,0.5319,0,0,0,1,0,0,0,53.19
1466,31,3,0,0.5532,0,0,0,1,0,0,0,55.32
1467,31,3,1,0.5745,0,0,0,1,0,0,0,57.45
1468,31,3,1,0.5957,0,0,0,1,0,0,0,59.57
1469,31,3,2,0.617,0,0,0,1,0,0,0,61.7
1470,31,3,2,0.6383,0,0,0,1,0,0,0,63.83
1471,31,3,2,0.6596,0,0,0,1,0,0,0,65.96
1472,31,3,2,0.6809,0,0,0,1,0,0,0,68.09
1473,31,3,2,0.7021,0,0,0,1,0,0,0,70.21
1474,31,3,2,0.7234,0,0,0,1,0,0,0,72.34
1475,31,3,1,0.7447,0,0,0,1,0,0,0,74.47
1476,31,3,1,0.766,0,0,0,1,0,0,0,76.6
1477,31,3,1,0.7872,0,0,0,1,0,0,0,78.72
1478,31,3,1,0.8085,0,0,0,1,0,0,0,80.85
1479,31,3,1,0.8298,0,0,0,1,0,0,0,82.98
1480,31,3,1,0.8511,0,0,0,1,0,0,0,85.11
1481,31,3,0,0.8723,0,0,0,1,0,0,0,87.23
1482,31,3,0,0.8936,0,0,0,1,0,0,0,89.36
1483,31,3,0,0.9149,0,0,0,1,0,0,0,91.49
1484,31,3,0,0.9362,0,0,0,1,0,0,0,93.62
1485,31,3,0,0.9574,0,0,0,1,0,0,0,95.74
1486,31,3,0,0.9787,0,0,0,1,0,0,0,97.87
1487,31,3,0,1,0,0,0,1,0,0,0,100
